dest_label,train_size,display_model,display_label,all_target_R2_mean,all_target_R2_std,all_target_R2_count,mean_target_R2_mean,mean_target_R2_std,mean_target_R2_count,half_target_R2_mean,half_target_R2_std,half_target_R2_count,position_RMSE_mean,position_RMSE_std,position_RMSE_count,mean_vector_RMSE_mean,mean_vector_RMSE_std,mean_vector_RMSE_count,half_vector_RMSE_mean,half_vector_RMSE_std,half_vector_RMSE_count,half_radius_R2_mean,half_radius_R2_std,half_radius_R2_count,radius_balance_mean,radius_balance_std,radius_balance_count,half_direction_cos_mean,half_direction_cos_std,half_direction_cos_count,pairwise_distance_corr_mean,pairwise_distance_corr_std,pairwise_distance_corr_count,half_radius_wasserstein_mean,half_radius_wasserstein_std,half_radius_wasserstein_count,all_target_R2_se,all_target_R2_ci95,mean_target_R2_se,mean_target_R2_ci95,half_target_R2_se,half_target_R2_ci95,position_RMSE_se,position_RMSE_ci95,mean_vector_RMSE_se,mean_vector_RMSE_ci95,half_vector_RMSE_se,half_vector_RMSE_ci95,half_radius_R2_se,half_radius_R2_ci95,radius_balance_se,radius_balance_ci95,half_direction_cos_se,half_direction_cos_ci95,pairwise_distance_corr_se,pairwise_distance_corr_ci95,half_radius_wasserstein_se,half_radius_wasserstein_ci95
12-14,5,FixedTerm_cross15to24_RIDGE,15-24 FixedTerm,-0.17553566182652572,0.1482622532231272,3,0.7908561181668056,0.10488997752187243,3,-1.141927441819857,0.19166566476742927,3,2.7567462410897448,0.5762700019968288,3,2.339009749749899,0.6669961365603994,3,1.4324357663414693,0.04919120327397082,3,-1.5872712462823528,0.7415676309095385,3,0.7684054262572536,0.1027091974393674,3,0.9743336941952707,0.009492181644368401,3,0.9453831763656567,0.015589105079044416,3,0.4336010579242997,0.07387952568474668,3,0.08559925180903295,0.1677745335457046,0.06055825675754685,0.11869418324479182,0.11065822314788387,0.2168901173698524,0.3327096407787753,0.6521108959263996,0.385090398991587,0.7547771820235105,0.028400554451988656,0.05566508672589777,0.4281442713279351,0.8391627718027528,0.0592991827898692,0.11622639826814363,0.005480313627572921,0.010741414710042925,0.009000374013811657,0.017640733067070848,0.04265436404169037,0.08360255352171311
12-14,5,FixedTerm_crossPrev_RIDGE,Prev-stage FixedTerm,-0.4447099996641573,0.303227491034639,3,0.7513555583479694,0.0512617209749711,3,-1.6407755576762841,0.6373205103041902,3,2.6787269279441777,0.13271854492722374,3,2.1379461082250715,0.20870238447384604,3,1.6039530947198786,0.14901617703491318,3,-1.541520264843151,1.0915835909652152,3,0.6740190744919597,0.1467176616455961,3,0.9569271241325478,0.032024468634153494,3,0.9575705738055792,0.004047246460505787,3,0.40382070512580687,0.1616328199064367,3,0.17506847357454366,0.3431342082061056,0.02959596840402305,0.05800809807188518,0.36795716818419394,0.7211960496410201,0.07662508764018806,0.1501851717747686,0.1204943778564918,0.2361689805987239,0.08603452992471607,0.1686276786524435,0.6302260800867454,1.2352431169700209,0.08470748144595734,0.1660266636340764,0.018489335586583246,0.036239097749703165,0.0023366788334497762,0.004579890513561561,0.09331875208285953,0.18290475408240467
12-14,5,FixedTerm_sameStage_RIDGE,Same-stage FixedTerm,0.0219030691241327,0.04822250353980518,3,0.7801576989708606,0.07413239692964992,3,-0.7363515607225951,0.07832095491824347,3,2.8102933199363527,0.42571377343581157,3,2.5038093227565805,0.4888271093518746,3,1.260705738705904,0.0352556900489767,3,-0.624108697034826,0.3335967944668489,3,0.6388680773197168,0.04798465129510477,3,0.9759386645379147,0.002101147361109495,3,0.9355691029998262,0.023739552634087044,3,0.29197523623258564,0.20338920480445966,3,0.027841275399704202,0.054568899783420236,0.04280035932300557,0.08388870427309092,0.04521862440523641,0.08862850383426336,0.24578596169089717,0.48174048491415844,0.28222446317149147,0.5531599478161233,0.020354882140242708,0.03989556899487571,0.1926021990862315,0.3775003102090137,0.027703951342199065,0.05429974463071017,0.0012130979945436389,0.002377672069305532,0.013706037103731444,0.026863832723313632,0.11742681214411871,0.23015655180247266
12-14,5,FixedTerm_unionAllStages_RIDGE,Union FixedTerm,-0.2114638305463087,0.13456330643953654,3,0.7330888358969151,0.1241925219539322,3,-1.1560164969895326,0.14554567935883492,3,2.739927743585738,0.42244270370049813,3,2.343548948920698,0.49437719164331284,3,1.40388389831357,0.013695857102983973,3,-1.2180918479391567,0.3681540823856206,3,0.7975890233916866,0.07058434622822271,3,0.9708532725477975,0.008168582900635253,3,0.9556231200946258,0.009079670147393746,3,0.4597920906844524,0.07272278277997184,3,0.07769016119591253,0.15227271594398856,0.07170258598144126,0.14053706852362488,0.0840308371572103,0.16470044082813218,0.24389740869867593,0.4780389210494048,0.2854288046764779,0.5594404571658967,0.007907306785190445,0.015498321298973272,0.2125538585685977,0.4166055627944515,0.04075189129543813,0.07987370693905874,0.004716133536579538,0.009243621731695894,0.005242150003750789,0.010274614007351546,0.04198651821423542,0.08229357569990142
12-14,5,LinearRegression_full64,Full linear,-25.171209219017452,15.595431261946949,3,-12.119833631831739,9.497669333104913,3,-38.22258480620317,21.764969781531416,3,15.078003659846312,5.707780310368108,3,13.620110448150255,5.23441072035885,3,6.422310729148317,2.4634866448203616,3,-84.39220220389431,64.07196621981687,3,-5.708190303665472,3.289902462621205,3,0.8904321942874377,0.01939441132066164,3,0.39290427276354417,0.302176569678863,3,3.8169660225318007,1.6277853352779776,3,9.004026437213376,17.647891816938216,5.483481946142175,10.747624614438662,12.566011162271234,24.629381878051618,3.2953884986662727,6.458961457385894,3.0220884384482454,5.923293339358561,1.422294677532084,2.7876975679628844,36.99196694451988,72.50425521125896,1.8994260724019656,3.7228751019078525,0.011197368596758324,0.021946842449646314,0.1744617238468893,0.341944978739903,0.9398023015056657,1.8420125109511047
12-14,5,MotherCopyBaseline,Mother copy,-0.024851441331495933,0.09519540846679914,3,0.20120082170795459,0.0027224165301933754,3,-0.2509037043709464,0.19133836382394237,3,3.4061915699448266,0.015884775383869842,3,3.22948243165312,0.0047082269471492265,3,1.0818775775838974,0.0584625656329502,3,-0.19179068682623232,0.18220858957778038,3,8.511709855459534e-16,3.204937810639273e-16,3,0.9826242422839941,0.004384776444564709,3,0.9719321780626403,0.0046072590029703105,3,0.5681757975229011,0.02173044677163855,3,0.054961094703922866,0.10772374561968881,0.0015717879165534324,0.0030807043164447273,0.11046925586005568,0.21651974148570913,0.009171079343893995,0.017975315514032232,0.002718296095342456,0.005327860346871213,0.03375337800569996,0.06615662089117193,0.10519817824139355,0.20618842935313134,1.8503717077085943e-16,3.6267285471088446e-16,0.002531551860605765,0.004961841646787299,0.0026600022255912356,0.005213604362158822,0.01254607929321635,0.024590315414704047
12-14,5,RandomForest_full64_quick,RF quick,0.0876561725643351,0.19103696834488412,3,0.5622639360093444,0.27825611298292346,3,-0.38695159088067427,0.109129263957536,3,4.320184071407495,1.505464546532966,3,,,0,,,0,-0.28961548064888337,0.4037517981306911,3,0.3319849994227501,0.1492507287914234,3,0.980711309646041,0.005359990633449684,3,,,0,0.4222667154435656,0.14729933953684576,3,0.11029524509908888,0.2161786803942142,0.1606512417343498,0.3148764337993256,0.06300580992234914,0.1234913874478043,0.8691803611962458,1.7035935079446416,,,,,0.23310620933654996,0.4568881702996379,0.08616994844447613,0.16889309895117322,0.0030945920350760477,0.006065400388749053,,,0.085043313333052,0.16668489413278192
12-14,5,Ridge_full64,Full ridge,-0.2989724650534971,0.09362701400794879,3,0.7588671151311394,0.06996380314718616,3,-1.3568120452381336,0.19973231127753815,3,2.806441389275822,0.3203302452999215,3,2.4192874998232026,0.3571925985058812,3,1.4158594999553415,0.05272215061286552,3,-1.0610086722126892,0.40875805323495507,3,0.8405182944297529,0.09092961701829287,3,0.966964828976709,0.00678840312390757,3,0.9523985728107461,0.0008756609199236554,3,0.40069808469816875,0.08330156042300121,3,0.054055581740910096,0.10594894021218379,0.04039362058055792,0.07917149633789353,0.11531550368195279,0.22601838721662745,0.18494275335348853,0.36248779657283753,0.20622524289991245,0.4042014760838284,0.0304391478485939,0.05966072978324404,0.2359965720686287,0.4625532812545122,0.05249823886282097,0.1028965481711291,0.003919286370955732,0.007681801287073235,0.0005055630678367578,0.0009909036129600454,0.04809417833413563,0.09426458953490584
12-14,10,FixedTerm_cross15to24_RIDGE,15-24 FixedTerm,0.21754259888466854,0.08959225879488797,3,0.832379424507319,0.0677122254851527,3,-0.397294226737982,0.18708707142780467,3,2.2812734897779077,0.25482519587809255,3,1.9469892342918207,0.30198414944613655,3,1.1788389514091655,0.09701561199747391,3,-0.6010936395167934,0.21738377868250164,3,0.8276067980137106,0.17714741243573962,3,0.9812062233332238,0.006544616729570908,3,0.954486535877308,0.008346826004988143,3,0.19692450070725964,0.08131242715695891,3,0.05172611473253519,0.10138318487576897,0.03909367161128155,0.07662359635811183,0.10801477105074178,0.21170895125945388,0.14712339543651584,0.28836185505557105,0.17435062997372713,0.3417272347485052,0.05601198970233785,0.10978349981658218,0.12550658313980037,0.24599290295400872,0.10227610625601993,0.20046116826179908,0.003778536230560692,0.007405931011898956,0.004819042240858874,0.009445322792083393,0.04694575170753207,0.09201367334676286
12-14,10,FixedTerm_crossPrev_RIDGE,Prev-stage FixedTerm,0.22225384173010596,0.08700659942192328,3,0.8377730153042129,0.03434538254732038,3,-0.39326533184400086,0.1397163091514425,3,2.2127688269346213,0.021084303395292273,3,1.875899963302654,0.021723676777461585,3,1.172113362433234,0.07222078528513903,3,-0.6484802633331247,0.14911914934199644,3,0.8493911541068773,0.08987199427951768,3,0.9835805097833167,0.0024622708019167113,3,0.9635732144950451,0.006794976665610151,3,0.23402867685581855,0.002443145175050044,3,0.05023328359752134,0.09845723585114183,0.019829315859116094,0.03886545908386754,0.0806652486987663,0.15810388744958195,0.012173028240947735,0.02385913535225756,0.012542170635255869,0.024582654445101503,0.04169668982546119,0.08172551205790393,0.08609398101392965,0.16874420278730212,0.051887620089888044,0.10169973537618056,0.001421592710304369,0.0027863217121965635,0.003923081607027246,0.007689239949773403,0.0014105505244844784,0.0027646790279895776
12-14,10,FixedTerm_sameStage_RIDGE,Same-stage FixedTerm,0.238665384221486,0.10242665976439053,3,0.8200272297947535,0.04196199335020646,3,-0.34269646135178156,0.1679731220825878,3,2.458049859642493,0.05695486803022978,3,2.17444006384564,0.024737237933983924,3,1.1450714378843074,0.08110678831797845,3,-0.49869353644370773,0.2028123088101979,3,0.7466296614078708,0.09267136892818004,3,0.9832970283531851,0.0024745696819201946,3,0.9541208710140139,0.007476100516991295,3,0.2761810588401486,0.08053101134142551,3,0.059136059587165085,0.11590667679084357,0.024226768156474985,0.04748446558669097,0.09697932725100394,0.19007948141196773,0.03288290838891278,0.06445050044226905,0.014282050980193441,0.027992819921179145,0.04682702606849085,0.09178097109424208,0.11709374108653728,0.22950373252961306,0.05350383979685587,0.1048675260018375,0.0014286934719851111,0.002800239205090818,0.004316328645973625,0.008460004146108304,0.04649460107608483,0.09112941810912627
12-14,10,FixedTerm_unionAllStages_RIDGE,Union FixedTerm,0.17778424665273718,0.11114880795569503,3,0.8035905296544499,0.0644522491515853,3,-0.44802203634897547,0.18762345958592036,3,2.3587604621277394,0.20598232127739616,3,2.033910051872114,0.21952667457896874,3,1.1896995603101674,0.10770523668689884,3,-0.6469615980063455,0.3591482310981175,3,0.7782466101557279,0.10826257198173223,3,0.9814540677185096,0.003205026943253062,3,0.9598247759695692,0.007624752776165025,3,0.21414777762384554,0.04411010610199319,3,0.06417179419332654,0.12577671661892,0.037211523397544605,0.07293458585918743,0.10832445489822,0.21231593160051118,0.11892394863780865,0.23309093933010497,0.126743784662471,0.24841781793844314,0.0621836473943134,0.12187994889285426,0.20735432790347608,0.4064144826908131,0.06250542507681434,0.1225106331505561,0.001850423168447159,0.003626829410156431,0.004402153067823223,0.008628220012933518,0.025466981631968724,0.049915283998658695
12-14,10,LinearRegression_full64,Full linear,-5.444208392982447,1.9780582068782,3,-0.26927605916394176,0.34706234472030617,3,-10.619140726800953,3.6102109002630804,3,6.264631363304282,1.0625952974393473,3,5.546643738831576,0.9646908063990269,3,2.802422745638769,1.067072900575835,3,-12.444790044693981,12.008083194425952,3,-1.050940950973957,1.6018417475213478,3,0.9343123880535639,0.01946179465189084,3,0.6474298137675437,0.161849653905089,3,1.10307743061339,0.5523138394344831,3,1.1420324382138773,2.2383835788991995,0.20037653814985149,0.3927380147737089,2.0843562350982108,4.085338220792493,0.6134896810162377,1.2024397747918258,0.5569644967592354,1.0916504136481013,0.6160748263924132,1.2075066597291297,6.932870064753245,13.58842532691636,0.9248237641306307,1.812654577696036,0.011236272381182397,0.022023093867117496,0.09344394125035091,0.18315012485068777,0.3188785438746546,0.625001945994323
12-14,10,MotherCopyBaseline,Mother copy,0.07555646062211814,0.014672300450223288,3,0.2029383406045376,0.0059881233264903605,3,-0.051825419360301335,0.0236913960381955,3,3.379005886536872,0.00520426697153912,3,3.22445274793985,0.0036977087846376,3,1.0101373619759138,0.01802949211559206,3,-0.08386390174805532,0.07106668502333005,3,1.0362081563168128e-15,9.571985542246818e-16,3,0.9858358555606221,0.0006004487207845145,3,0.967716797472538,0.007752270088422272,3,0.5523944905132734,0.013129364482731727,3,0.008471056614567483,0.016603270964552268,0.0034572446144898873,0.006776199444400179,0.013678233880130205,0.0268093384050552,0.0030046849369527893,0.005889182476427467,0.0021348731621953624,0.0041843513979029105,0.010409332126289313,0.02040229096752705,0.041030369728633956,0.08041952466812255,5.526388429495406e-16,1.0831721321810996e-15,0.0003466692305795059,0.0006794716919358316,0.004475775222381283,0.008772519435867314,0.007580242118393875,0.014857274552051995
12-14,10,RandomForest_full64_quick,RF quick,0.4211574301734587,0.041319337450564944,3,0.8854077183122558,0.034075791399809444,3,-0.04309285796533859,0.05694285326953544,3,2.1365543923476165,0.6644565915038021,3,,,0,,,0,0.03660751116606816,0.09633920093091075,3,0.4583886158252885,0.1613082031549009,3,0.985750505159558,0.0005404521901937098,3,,,0,0.3235658084474811,0.04436691554830566,3,0.023855730599820657,0.04675723197564849,0.019673667337529517,0.03856038798155785,0.03287597166359165,0.06443690446063964,0.38362419196954134,0.751903416260301,,,,,0.05562146359097477,0.10901806863831055,0.09313133451397689,0.1825374156473947,0.0003120302174924612,0.000611579226285224,,,0.025615250634927665,0.05020589124445822
12-14,10,Ridge_full64,Full ridge,0.06596208641570976,0.08999441207868475,3,0.7772011210839377,0.05537697782253722,3,-0.6452769482525182,0.12665507083861433,3,2.635031957478036,0.2612804180753572,3,2.328675116694827,0.2763973633025299,3,1.228929575626061,0.08642064788962443,3,-0.7141731028421896,0.4290113299521109,3,0.8202708845021909,0.13831513269793375,3,0.9805130120027729,0.002091573186220264,3,0.9445895741508309,0.021840138159348065,3,0.21100303563174763,0.006204661762276848,3,0.05195829803919075,0.10183826415681387,0.0319719130527498,0.06266494958338961,0.07312433924290511,0.143323704916094,0.15085031970978544,0.29566662663117943,0.15957809210601845,0.31277306052779613,0.049894984322616534,0.09779416927232841,0.2476898068332506,0.48547202139317114,0.07985627909615087,0.1565183070284557,0.0012075703420940727,0.0023668378705043827,0.012609409645438224,0.02471444290505892,0.003582263138681116,0.007021235751814988
12-14,20,FixedTerm_cross15to24_RIDGE,15-24 FixedTerm,0.33374049845333587,0.01687228503135923,3,0.8878091908047785,0.022153284076892394,3,-0.2203281938981068,0.04626001821053111,3,2.015853705434219,0.07141585611171333,3,1.6957265608404128,0.09104825426052943,3,1.088919756056357,0.02138869012697904,3,-0.3599982412310346,0.01839604498826526,3,0.7334215402151244,0.1591874434399089,3,0.9853322543643581,0.0017264162696297735,3,0.9622505615177229,0.008553394443986648,3,0.2164394285933797,0.058386360167735164,3,0.009741218304699345,0.019092787877210717,0.012790204525228074,0.025068800869447024,0.02670823396656713,0.05234813857447158,0.04123196375050527,0.08081464895099033,0.05256673410656216,0.10303079884886183,0.01234876600242484,0.024203581364752688,0.010620961525999416,0.020817084590958854,0.09190691332163974,0.18013755011041388,0.0009967468980040994,0.0019536239200880347,0.004938304584720742,0.009679076986052653,0.033709380759844344,0.06607038628929492
12-14,20,FixedTerm_crossPrev_RIDGE,Prev-stage FixedTerm,0.26229731497596,0.050419797235452556,3,0.8758450022559798,0.005930648689340407,3,-0.35125037230405987,0.09584416784957892,3,1.9918497982296248,0.028940620411770257,3,1.6214307766804297,0.01733223770988106,3,1.1563742706837483,0.04875197337621566,3,-0.6352864770122876,0.3464094128150645,3,0.8388866313806295,0.132177882237513,3,0.9852169534761016,0.0028428700061983235,3,0.9673946496112741,0.007845836564310952,3,0.25027128429523776,0.12952066499341525,3,0.029109883506374883,0.05705537167249477,0.0034240616172597853,0.0067111607698291794,0.05533565610821006,0.10845788597209172,0.016708874985250338,0.03274939497109066,0.010006772107458414,0.01961327333061849,0.028146964952283582,0.05516805130647582,0.1999995677385977,0.39199915276765146,0.0763129358907428,0.1495733543458559,0.0016413317633497152,0.003217010256165442,0.004529795852422737,0.008878399870748564,0.07477879079956763,0.14656642996715255
12-14,20,FixedTerm_sameStage_RIDGE,Same-stage FixedTerm,0.2808446141048545,0.06092242242702553,3,0.8686498207525729,0.009010942542085763,3,-0.30696059254286373,0.12233806221452645,3,2.149314418424813,0.07334532174535201,3,1.8322442257899922,0.09198022642389088,3,1.122043191025921,0.04580545643835629,3,-0.3731107078057508,0.023113038319652106,3,0.6938481298852968,0.2126038331002817,3,0.9839090445464259,0.002853576564086897,3,0.9527407257655617,0.0028852519723943015,3,0.25375375493540003,0.08662365001078623,3,0.03517357698792729,0.06894021089633748,0.005202470102325466,0.010196841400557913,0.07063191315169404,0.1384385497773203,0.042345941253478694,0.08299804485681823,0.05310480848595613,0.10408542463247401,0.02644579260503868,0.05183375350587582,0.013344318895641279,0.026154865035456908,0.1227468802711939,0.24058388533154004,0.0016475131974287775,0.003229125866960404,0.0016658010029417488,0.0032649699657658275,0.05001218765191536,0.0980238877977541
12-14,20,FixedTerm_unionAllStages_RIDGE,Union FixedTerm,0.16425036105371627,0.10130390214245176,3,0.8772601704795436,0.029085469746907833,3,-0.5487594483721111,0.2035078250417737,3,2.024734963457761,0.0999661045869924,3,1.6281621539643707,0.1102183416690081,3,1.2013818722998701,0.07633507424194994,3,-0.5681642369524074,0.32418746858041897,3,0.7979774681880506,0.09363935176921928,3,0.9806832938456184,0.0030098486130820876,3,0.9702324077614829,0.007734230397767789,3,0.21670693716229913,0.13483617228351047,3,0.058487835171904035,0.11463615693693191,0.016792503787883956,0.03291330742425255,0.11749529757006331,0.2302907832373241,0.057715457393138346,0.11312229649055115,0.06363458923223597,0.1247237948951825,0.04407207566219987,0.08638126829791173,0.18716972225280826,0.3668526556155042,0.05406270495070081,0.1059629017033736,0.0017377369069829652,0.003405964337686612,0.004465360002125819,0.008752105604166605,0.07784770036438353,0.15258149271419172
12-14,20,LinearRegression_full64,Full linear,-9.40390671080487,1.3250637779306584,3,-1.3084223417483745,0.3447443765599579,3,-17.49939107986137,2.8135123297812488,3,7.261931422798426,0.9982574939361538,3,6.601548310827216,1.1856046150818946,3,2.946731473418774,0.5466552753823181,3,-10.311924847658709,4.46061310842643,3,-1.079275552907071,0.7452421404527193,3,0.887203325878157,0.05549088881802247,3,0.6711997764328655,0.0509053341081604,3,1.2899774985965193,0.5001852170810694,3,0.7650259288816882,1.4994508206081087,0.1990382586085014,0.3901149868726628,1.6243821009675352,3.183788917896369,0.5763442328445997,1.1296346963754154,0.6845091436699945,1.3416379215931893,0.31561157039591037,0.6185986779759843,2.575336178900773,5.047658910645515,0.4302657504018304,0.8433208707875876,0.03203767959665687,0.06279385200944747,0.02939020835053425,0.05760480836704713,0.28878206972642684,0.5660128566637966
12-14,20,MotherCopyBaseline,Mother copy,0.0819254463430872,0.007988541577838307,3,0.20060562410031366,0.00948110403638199,3,-0.036754731414139104,0.01086284954527891,3,3.378303755333133,0.00841536016534023,3,3.227768322599483,0.009314600879752295,3,0.9972117584434655,0.0029996853512024727,3,-0.007884636671594501,0.012344380355532016,3,8.141635513917814e-16,7.050863183406401e-16,3,0.9859591291304265,0.0002803791250487865,3,0.9683876626413609,0.0077588259583419835,3,0.5561575696647046,0.0134714403267036,3,0.004612186630397464,0.009039885795579029,0.005473917967619989,0.010728879216535179,0.006271669109133183,0.01229247145390104,0.004858610456786835,0.009522876495302196,0.005377787325318913,0.01054046315762507,0.0017318691450009247,0.0033944635242018125,0.007127031321245538,0.013968981389641253,4.0708177569589076e-16,7.978802803639459e-16,0.00016187696332206866,0.00031727884811125456,0.004479560255644201,0.008779938101062633,0.007777739698994304,0.015244369810028835
12-14,20,RandomForest_full64_quick,RF quick,0.4569592399093499,0.02459959690227513,3,0.9149064070691814,0.005211866617823765,3,-0.0009879272504815181,0.044006591009297776,3,1.7604297365529644,0.10222018873516188,3,,,0,,,0,0.044343136596436405,0.10652503221054442,3,0.4957076929544126,0.06519045279771649,3,0.9870791864458487,0.000590978527928426,3,,,0,0.3023060214030909,0.05116897432434094,3,0.014202583893484833,0.027837064431230272,0.0030090725947809756,0.005897782285770712,0.025407217165335838,0.04979814564405824,0.059016853482860065,0.11567303282640573,,,,,0.06150225602219138,0.1205444218034951,0.03763772547135521,0.0737699419238562,0.00034120161218476557,0.0006687551598821406,,,0.029542421100315294,0.057903145356617974
12-14,20,Ridge_full64,Full ridge,0.012289542035140467,0.016008472395574177,3,0.8177927364225156,0.05705877237887731,3,-0.7932136523522345,0.07788232054860583,3,2.306218502564766,0.2212194583234328,3,1.9086570925421666,0.2416776864272262,3,1.2914546497227863,0.04748792666587629,3,-0.8323356080558368,0.3367025559534799,3,0.8717942851291673,0.10070656958066616,3,0.9777094111398187,0.003188105617551266,3,0.9623712907380765,0.01301885704692144,3,0.27204638556113453,0.1299715667319707,3,0.009242495846899445,0.01811529185992291,0.0329428975925744,0.06456807928144583,0.0449653787338503,0.08813214231834658,0.12772111381301712,0.25033338307351355,0.13953267731588503,0.2734840475391347,0.027417167243800885,0.05373764779784973,0.19439531131657667,0.38101481018049027,0.05814296505656139,0.11396021151086033,0.0018406536364981815,0.0036076811275364356,0.00751644062058135,0.014732223616339446,0.07503911903970069,0.14707667331781335
12-14,40,FixedTerm_cross15to24_RIDGE,15-24 FixedTerm,0.3577231844196631,0.023364986715290016,3,0.9007292748373043,0.001497892406733237,3,-0.18528290599797795,0.047779743524286884,3,1.899181096164779,0.03815555139561339,3,1.5649905574089438,0.04158600108507294,3,1.075701601357842,0.023783076883766716,3,-0.3774950208436357,0.10613317269254986,3,0.5790698043973966,0.0746900369161178,3,0.9863223131720416,0.0003486539974827444,3,0.9670467507164736,0.000782296864328146,3,0.22926327681514713,0.03934794918201866,3,0.013489781369684721,0.026439971484582055,0.0008648085842445308,0.0016950248251192802,0.027585647785558314,0.0540678696596943,0.022029117869335993,0.04317707102389855,0.02400968892098693,0.04705899028513438,0.01373116584100028,0.026913085048360548,0.061276015823992704,0.1201009910150257,0.0431223129193037,0.08451973332183525,0.0002012954793007016,0.0003945391394293751,0.00045165930520605523,0.0008852522382038682,0.022717549052298187,0.04452639614250445
12-14,40,FixedTerm_crossPrev_RIDGE,Prev-stage FixedTerm,0.3668411757340744,0.02457433192207262,3,0.9028362767030491,0.003617514385755291,3,-0.16915392523490028,0.0507922103314504,3,1.8182650861590226,0.00772143890118201,3,1.4641003907718773,0.025214919655516112,3,1.077838927471107,0.023783439977044685,3,-0.3089100443802337,0.09110220267828766,3,0.5943415470663695,0.0358066392333414,3,0.9855288966324313,0.0005273644155438436,3,0.971595514310489,0.003981806158515557,3,0.21396136053899517,0.02826394785517314,3,0.014187997150363842,0.027808474414713128,0.002088572904413161,0.004093602892649795,0.02932489630759898,0.057476796762894,0.004457974828128682,0.008737630663132217,0.014557840650707013,0.028533367675385744,0.013731375473002056,0.02691349592708403,0.05259788124007723,0.10309184723055137,0.020672972800145475,0.04051902668828513,0.00030447398727526776,0.0005967690150595248,0.0022988968574798666,0.004505837840660538,0.01631819790254576,0.03198366788898969
12-14,40,FixedTerm_sameStage_RIDGE,Same-stage FixedTerm,0.37977831388810857,0.04217710847296144,3,0.8842266730424795,0.007478973635138325,3,-0.12467004526626213,0.07750030205088353,3,1.9878349548935492,0.08917496725641554,3,1.686828370926617,0.08572656100647855,3,1.0515155758278034,0.034962903354974664,3,-0.34752699170280504,0.09957497047029125,3,0.5708166169735479,0.09169981103225809,3,0.9874947324064868,0.0005917225145951955,3,0.9671322556756098,0.0020470187833726192,3,0.22572249504754963,0.058282565259127284,3,0.024350964930504333,0.04772789126378849,0.004317987441509226,0.008463255385358082,0.044744820251354914,0.08769984769265562,0.05148519135046758,0.10091097504691646,0.04949425307379127,0.09700873602463088,0.020185841663645492,0.03956424966074516,0.05748963600557169,0.11267968657092052,0.052942910584112025,0.10376810474485956,0.0003416311530870984,0.0006695970600507128,0.001181846845616402,0.002316419817408148,0.03364945474141907,0.06595293129318137
12-14,40,FixedTerm_unionAllStages_RIDGE,Union FixedTerm,0.37689480231330585,0.08217258282319764,3,0.909667325616523,0.00799400422951448,3,-0.15587772098991115,0.15808264011441248,3,1.7494554788414092,0.056232373787188754,3,1.4076345990350034,0.0262153737292048,3,1.0377280109412126,0.07677668315092002,3,-0.08426250490873881,0.199285403456365,3,0.5441177626757365,0.10020969859512152,3,0.9846752212778097,0.0012946843688466055,3,0.9747962655606607,0.0016276116305031275,3,0.24520093294687642,0.06458779561600629,3,0.04744236281297998,0.09298703111344075,0.004615340493813192,0.009046067367873856,0.09126905482426279,0.17888734745555507,0.03246577614320508,0.06363292124068196,0.015135453079463037,0.02966548803574755,0.044327038684670285,0.08688099582195376,0.11505748133109552,0.2255126634089472,0.05785609645930467,0.11339794906023716,0.0007474863688691885,0.0014650732829836093,0.0009397020130071464,0.001841815945494007,0.03728978118526576,0.07308797112312089
12-14,40,LinearRegression_full64,Full linear,-80.3572492078255,69.25531450879093,3,-7.042602142803436,6.62713381900241,3,-153.6718962728476,131.8959213452769,3,15.639620044780498,10.367269500852881,3,12.522905200538395,8.437173840507162,3,9.256556579120497,6.279367456984032,3,-191.95930000470193,221.32175278498758,3,-8.405131707891433,7.446481239876108,3,0.7762732099203884,0.124861076298547,3,0.3130872902225853,0.32411139959394875,3,4.4479465008033285,3.5382563395743984,3,39.98457447446264,78.36976596994677,3.826177494356714,7.49930788893916,76.15014569370932,149.25428555967025,5.985545837078808,11.731669840674464,4.871204588016479,9.547560992512299,3.6253944916303067,7.105773203595401,127.78017354793239,250.4491401539475,4.299227948357969,8.42648677878162,0.07208857601227252,0.14129360898405413,0.18712580380299268,0.36676657545386565,2.042813250115179,4.003913970225751
12-14,40,MotherCopyBaseline,Mother copy,0.08587109703103087,0.009006340747903848,3,0.19384622302072904,0.0069660345129446966,3,-0.022104028958667237,0.024841354432402023,3,3.382657165940691,0.00963547007841243,3,3.234053231164856,0.010722818932960492,3,0.9915602359338657,0.009701115039962948,3,-0.007455423845249633,0.009809356444034604,3,1.6283271027835629e-15,7.0508631834064e-16,3,0.9863214139137378,0.00033423678276329354,3,0.9690768061129607,0.0036605031039235805,3,0.5478880730866481,0.0039020075793217567,3,0.005199813255215783,0.010191633980222934,0.004021841901232844,0.007882810126416374,0.014342162668582212,0.028110638830421135,0.005563041243540001,0.010903560837338401,0.006190822397416356,0.012134011898936058,0.005600941379762135,0.010977845104333785,0.005663434583540369,0.011100331783739124,4.070817756958907e-16,7.978802803639458e-16,0.000192971696501462,0.00037822452514286553,0.00211339245241974,0.00414224920674269,0.0022528251263013764,0.004415537247550698
12-14,40,RandomForest_full64_quick,RF quick,0.47978607427747505,0.037994583457992226,3,0.9202951796333241,0.0032687335579150607,3,0.039276968921626056,0.0738883168133733,3,1.6048182657161627,0.058660071968178275,3,,,0,,,0,0.08053815347297029,0.09818234303249748,3,0.2672764315093014,0.1500926781479993,3,0.9874391117906199,0.0005789375862237441,3,,,0,0.38772194660631776,0.08732824236481473,3,0.021936182987219516,0.042994918654950254,0.0018872041995714236,0.00369892023115999,0.042659439602169426,0.08361250162025208,0.03386740834151055,0.06638012034936068,,,,,0.056685602179480606,0.11110378027178199,0.08665604813213926,0.16984585433899294,0.00033424977125027085,0.0006551295516505309,,,0.05041898423718267,0.09882120910487803
12-14,40,Ridge_full64,Full ridge,0.3151830456348875,0.12268815794030503,3,0.8979688012518104,0.01405007780505507,3,-0.26760270998203534,0.232045922445452,3,1.7686355636742104,0.11646884053434567,3,1.3976460783087132,0.06879905539496194,3,1.0833239795678125,0.10213329062754517,3,-0.14674013012526074,0.2291337585842878,3,0.6444768286584209,0.09249061828014266,3,0.9828218078387412,0.0024040293464013805,3,0.9764802156916496,0.004084292385383289,3,0.19895175420302458,0.06213830598837461,3,0.07083404101321444,0.1388347203859003,0.008111816202883732,0.015899159757652114,0.13397177578823674,0.262584680544944,0.06724331643470807,0.1317969002120278,0.03972115315227325,0.07785346017845557,0.05896668283703549,0.11557469836058956,0.1322904371990693,0.25928925691017585,0.05339948336155529,0.10466298738864836,0.0013879669902845972,0.0027204153009578107,0.002358067308150181,0.0046218119239743545,0.035875567689375415,0.07031611267117581
12-14,80,FixedTerm_cross15to24_RIDGE,15-24 FixedTerm,0.39671311698869854,0.020436013295837458,3,0.9034448994425232,0.003886928353282692,3,-0.11001866546512613,0.03780827995051524,3,1.8310961041780278,0.033601461534367105,3,1.504206085602559,0.0469760791622876,3,1.0437861376222166,0.010175791054893813,3,-0.3639994843938386,0.12296532708905715,3,0.6855459364649703,0.20453952450791357,3,0.9874496463811008,0.0005082168245421472,3,0.9707562001816258,0.003525475671859063,3,0.21617805915864338,0.05498441505359756,3,0.011798737777514529,0.023125526043928476,0.002244119131088551,0.00439847349693356,0.021828620607026707,0.04278409638977235,0.019399812862031705,0.038023633209582144,0.027121651949819914,0.05315843782164703,0.005874995704760329,0.011514991581330245,0.07099406469585753,0.13914836680388076,0.11809094953456196,0.23145826108774145,0.0002934191204561055,0.0005751014760939667,0.002035434328169307,0.003989451283211842,0.03174526683242866,0.06222072299156017
12-14,80,FixedTerm_crossPrev_RIDGE,Prev-stage FixedTerm,0.39466097858611526,0.014677258866854686,3,0.9039841095704256,0.0066413375080570936,3,-0.114662152398195,0.0281487458446715,3,1.7877433107693175,0.02732426500032967,3,1.4406745805023435,0.04498627971608775,3,1.0579905656365212,0.020763960930896535,3,-0.38043562088449595,0.12268990532130773,3,0.7434472616508442,0.16642194336677194,3,0.9868481714135587,0.0013302331594659603,3,0.9738516472367431,0.003231882028155841,3,0.17234786508576683,0.06808901811559637,3,0.008473919357744376,0.016608881941178977,0.0038343779980559217,0.0075153808761896064,0.01625168599077145,0.03185330454191204,0.015775671753349006,0.03092031663656405,0.025972840703923066,0.05090676777968921,0.011988078432895987,0.023496633728476136,0.07083504986410673,0.13883669773364918,0.09608375380186644,0.18832415745165823,0.0007680104727026386,0.0015053005264971716,0.0018659279589448886,0.0036572187995319817,0.03931121293789687,0.07704997735827786
12-14,80,FixedTerm_sameStage_RIDGE,Same-stage FixedTerm,0.405184662650479,0.022570175838718207,3,0.9011235060996124,0.005910782784468414,3,-0.0907541807986544,0.05014690198383445,3,1.80422854381127,0.03521423427070524,3,1.4761344605587932,0.0408986983620953,3,1.0372768740329803,0.0073421824626527295,3,-0.3420481954218096,0.1325207038921938,3,0.689403359729693,0.23388446738073965,3,0.9875787281608991,0.0005824891275303598,3,0.9749401373615724,0.00303096124393012,3,0.2198497991678838,0.06985811185446256,3,0.013030897096141145,0.025540558308436642,0.0034125920317342445,0.006688680382199119,0.028952327359392602,0.0567465616244095,0.020330947635498215,0.0398486573655765,0.023612874508861032,0.04628123403736762,0.004239011021251903,0.00830846160165373,0.07651086406535679,0.1499612935680993,0.1350332602015423,0.2646651899950229,0.0003363002545796835,0.0006591484989761796,0.0017499262900863778,0.0034298555285693006,0.04033259968425295,0.07905189538113579
12-14,80,FixedTerm_unionAllStages_RIDGE,Union FixedTerm,0.4608192725807055,0.013290293423549185,3,0.9196015339885731,0.00425227821303084,3,0.0020370111728378673,0.022350355311661067,3,1.625516750455117,0.019359146370352628,3,1.3027600185846604,0.030548287355567912,3,0.9718766623656231,0.01751480495471025,3,0.017575311222911002,0.04466606982302262,3,0.6021628705700243,0.21689997626734034,3,0.986290455041416,0.0004076870806313452,3,0.9792670374602994,0.004012444581297142,3,0.22658175951000703,0.09580871772127393,3,0.0076731544856952355,0.01503938279196266,0.0024550539709625365,0.004811905783086571,0.0129039836556713,0.025291807965115747,0.011177008368204457,0.021906936401680736,0.017637061928019178,0.03456864137891759,0.010112177355405755,0.01981986761659528,0.02578796743596473,0.050544416174490875,0.1252272596851724,0.2454454289829379,0.00023537824574763983,0.00046134136166537407,0.0023165859591203603,0.004540508479875906,0.055315188967090374,0.10841777037549713
12-14,80,LinearRegression_full64,Full linear,-0.7017461563761214,0.4350496043150322,3,0.7702602623134935,0.04596859704971751,3,-2.1737525750657363,0.9104499498027881,3,2.7883273609206056,0.10511820969521683,3,2.316682333844805,0.17219497525905417,3,1.5418111435750268,0.1650908186170457,3,-1.8016881973751488,1.2861957086974394,3,0.5163296736075735,0.4392769708313881,3,0.9678204028192168,0.005519163648111583,3,0.9344285421173691,0.014671434435884666,3,0.3106256784830237,0.18858942045286506,3,0.25117600616212404,0.49230497207776314,0.02653998188092384,0.05201836448661073,0.5256485236023211,1.0302711062605492,0.06069002666426497,0.11895245226195934,0.09941681531891587,0.1948569580250751,0.09531522856928702,0.18681784799580256,0.7425854386470081,1.4554674597481359,0.25361667735830534,0.4970886876222785,0.0031864906179388196,0.0062455216111600865,0.008470556620955957,0.016602290977073678,0.10888215266477716,0.21340901922296324
12-14,80,MotherCopyBaseline,Mother copy,0.0828002540670072,0.004319226596924966,3,0.1907007915568184,0.004268834764860758,3,-0.025100283422803932,0.011807969894867985,3,3.383660158476596,0.012498883544599073,3,3.2345878120825957,0.010618608597903947,3,0.9930201978548467,0.028397679529799418,3,-0.051586595659739796,0.016045942491363395,3,1.7023419710919068e-15,8.332838307662112e-16,3,0.9861976197232312,0.0002653878505322402,3,0.9733826296483552,0.0017135928088739556,3,0.5473857915199156,0.008247127926388728,3,0.0024937066384256206,0.004887665011314216,0.0024646129006183916,0.004830641285212048,0.006817334597385029,0.013361975810874657,0.007216233779044059,0.014143818206926355,0.006130656532419118,0.012016086803541472,0.01639540792089042,0.032134999524945224,0.00926412921678991,0.018157693264908223,4.810966440042347e-16,9.429494222482999e-16,0.00015322174694444506,0.0003003146240111123,0.0009893432694847851,0.0019391128081901788,0.004761481528341813,0.009332503795549953
12-14,80,RandomForest_full64_quick,RF quick,0.5058823192935299,0.006829894084785576,3,0.9286960573611274,0.0030780687512112275,3,0.08306858122593262,0.013016876408757502,3,1.4930127087147442,0.02142212892936429,3,,,0,,,0,0.0762508957815798,0.045843695720643333,3,0.4855433102322415,0.18295394970373674,3,0.987906469975593,0.00027629324981295357,3,,,0,0.27491014228147,0.09728654829785252,3,0.003943241188387585,0.007728752729239667,0.0017771238220959775,0.003483162691308116,0.007515297098604233,0.014729982313264297,0.012368071903983343,0.02424142093180735,,,,,0.026467870064960725,0.05187702532732302,0.10562851211075766,0.207031883737085,0.00015951798215478526,0.0003126552450233791,,,0.056168414848294684,0.11009009310265758
12-14,80,Ridge_full64,Full ridge,0.43586572157099646,0.028792331236458628,3,0.9150639070897898,0.009653150521923086,3,-0.04333246394779686,0.04836382160432217,3,1.6196841691765818,0.03702407645777657,3,1.281956207259752,0.05075995606116132,3,0.9895073753335839,0.007387568140011563,3,0.0017628294749565028,0.0698975941124091,3,0.6550947054860091,0.1924661937958279,3,0.9855186328371531,0.0002920136245131789,3,0.9808427753924241,0.004134311496644312,3,0.1993222161691303,0.09654467939267207,3,0.01662326018996626,0.03258158997233387,0.00557324905236027,0.01092356814262613,0.027922865422294444,0.05472881622769711,0.02137586050939459,0.04189668659841339,0.029306274295965065,0.05744029762009153,0.004265214454292379,0.008359820330413062,0.0403553947765066,0.07909657376195293,0.11112040879792393,0.2177960012439309,0.00016859414471972215,0.0003304445236506554,0.0023869458555013582,0.004678413876782662,0.055740096636185336,0.10925058940692325
14-15,5,FixedTerm_cross15to24_RIDGE,15-24 FixedTerm,-1.6189229937624552,0.4823186322196634,3,-1.7112062365101275,1.1384217463913056,3,-1.526639751014783,0.5388486085502627,3,2.3033589777551904,0.2408149399016977,3,1.6459281524611449,0.4080615709242213,3,1.5848535511656945,0.13568738947617096,3,-1.522758275940111,0.4522491458348555,3,0.7944962603664464,0.22823209257992152,3,0.9765317869408318,0.0095810149674918,3,0.9239345863742798,0.029308885471578783,3,0.3070133454163187,0.027814263496074323,3,0.2784667921471948,0.5457949126085018,0.6572681017303442,1.2882454793914746,0.3111043891989495,0.609764602829941,0.1390345703771287,0.27250775793917226,0.23559445781904073,0.4617651373253198,0.0783391508397049,0.1535447356458216,0.26110616608853215,0.511768085533523,0.1317698600887293,0.2582689257739094,0.005531601570591225,0.0108419390783588,0.01692149291666392,0.03316612611666129,0.016058572516769693,0.0314748021328686
14-15,5,FixedTerm_crossPrev_RIDGE,Prev-stage FixedTerm,-2.6227980637344843,1.566867344237136,3,-2.078702716000484,1.7856978920703677,3,-3.1668934114684846,3.12861498999029,3,2.471633150599011,0.39908812307765446,3,1.649814002156097,0.4327358415194607,3,1.7873316933932484,0.5106911319757107,3,-1.8792717934999086,1.3983781174185006,3,0.6979009303937317,0.4038358117791556,3,0.9681974056780854,0.01684740460401085,3,0.9276886433381915,0.031112947530904392,3,0.2721186460733847,0.06454247949384248,3,0.9046312829797445,1.7730773146402992,1.030973158678174,2.0207073910092213,1.8063067066615923,3.5403611450567207,0.2304136352892663,0.45161072516696193,0.2498401545892599,0.4896867029949494,0.2948476625189313,0.5779014185371053,0.8073539825204534,1.5824138057400887,0.23315471463910656,0.45698324069264884,0.009726853583272205,0.019064633023213522,0.017963068632250355,0.03520761451921069,0.03726361790993586,0.07303669110347429
14-15,5,FixedTerm_sameStage_RIDGE,Same-stage FixedTerm,-2.7056547669049835,1.9805420409069847,3,-2.5290707593363257,1.6095465528376314,3,-2.8822387744736413,2.5351271410205,3,2.514194927564902,0.4391056781824408,3,1.7972966436136477,0.47250685139374093,3,1.7430102068314248,0.22085190352936657,3,-2.3442249838033753,1.219988894872411,3,0.5215323608164696,0.3452200285226228,3,0.9609175535138536,0.017495564512580466,3,0.9071322888994907,0.06463780401012134,3,0.46608237243398215,0.25796567506827867,3,1.1434664804590184,2.241194301699676,0.9292721355540408,1.8213733856859198,1.463656337298112,2.8687664211042994,0.25351778150132537,0.49689485174259773,0.2728019578461188,0.5346918373783929,0.12750890595372105,0.24991745566929327,0.7043609168629406,1.3805473970513635,0.19931287639718656,0.39065323773848565,0.010101068880962797,0.019798095006687083,0.03731865354506983,0.07314456094833686,0.14893655194235422,0.2919156418070143
14-15,5,FixedTerm_unionAllStages_RIDGE,Union FixedTerm,-1.8478411156047214,0.3873186816517251,3,-1.4632309691541783,0.7569706985087377,3,-2.2324512620552652,0.7914479103327174,3,2.3070850436094372,0.11799419597472986,3,1.5204900538670156,0.24091686797962905,3,1.7229264919843146,0.1389073059320581,3,-1.4177291873548226,0.674439507472161,3,0.7379476445571868,0.33470454523824283,3,0.9630740301874932,0.012333114263440612,3,0.9225351341349287,0.02319210074507077,3,0.3355794667046145,0.021993539645545117,3,0.22361854511379448,0.43829234842303716,0.4370372365526788,0.8565929836432504,0.4569426640801612,0.8956076215971159,0.06812398080882374,0.13352300238529455,0.13909341858036037,0.2726231004175063,0.08019817047227945,0.15718841412566772,0.38938783119117076,0.7632001491346947,0.1932417592922908,0.37875384821288993,0.007120526839943851,0.013956232606289948,0.01338996560823953,0.026244332592149477,0.01269797603478818,0.024888033028184833
14-15,5,LinearRegression_full64,Full linear,-24.60177060159246,8.192717559873165,3,-26.122822846452845,13.812202744336199,3,-23.080718356732074,13.140854049368734,3,6.380936720053808,1.2555332286473306,3,4.71192087673175,0.8984772909455515,3,4.214187358366903,1.378866282091715,3,-34.90259672701155,23.867087220605796,3,-2.9520487885318905,1.3350064639357828,3,0.938186969487771,0.003650289963990798,3,0.6388920585513244,0.0906332739013261,3,2.2803175912756677,1.0904374256512108,3,4.730067688587346,9.270932669631199,7.974478972544192,15.629978786186616,7.586875622784623,14.87027622065786,0.7248824475360564,1.4207695971706704,0.5187361057881799,1.0167227673448325,0.7960888191421501,1.5603340855186143,13.779669231589034,27.008151693914506,0.7707663413232146,1.5107020289935007,0.0021074958933302765,0.004130691950927342,0.05232714508446771,0.10256120436555671,0.6295643412341692,1.2339461088189716
14-15,5,MotherCopyBaseline,Mother copy,-1.9496888294727945,0.04773179667498161,3,-3.8181504652903215,0.10954055397186814,3,-0.08122719365526823,0.09327700981470906,3,2.2957128670544775,0.008460134151866765,3,2.019670956635476,0.0031659117306279674,3,1.091378193001403,0.015562871143129476,3,-0.011003006972952098,0.007065773955063261,3,8.881784197001252e-16,7.691850745534255e-16,3,0.9869493211282357,0.0006121024310595281,3,0.9576619936057046,0.000702993318097614,3,0.5264364805971703,0.005159903042148653,3,0.027557965659205118,0.05401361269204203,0.0632432683228388,0.12395680591276405,0.05385350672572564,0.10555287318242225,0.004884460729960623,0.009573543030722822,0.001827839989908651,0.003582566380220956,0.008985227843849263,0.017611046573944557,0.0040794264949888205,0.007995675930178088,4.440892098500626e-16,8.704148513061227e-16,0.00035339750334384293,0.0006926591065539321,0.0004058733814421657,0.0007955118276266447,0.0029790714103768937,0.0058389799643387115
14-15,5,RandomForest_full64_quick,RF quick,-0.4306825434640447,0.3920017846891967,3,-0.637851899770374,0.7787111013555279,3,-0.22351318715771554,0.17398565562148657,3,1.6933103415288133,0.17283530925124993,3,,,0,,,0,-0.0866688825869472,0.06056835220293411,3,0.22529812406835578,0.077563078562588,3,0.9858123582012551,0.0014833372548240227,3,,,0,0.4141482678429038,0.05200621725531296,3,0.22632233591312145,0.44359177838971803,0.449589063988564,0.8811945654175855,0.1004506651081988,0.19688330361206965,0.09978651232168137,0.1955815641504955,,,,,0.03496915444873607,0.0685395427195227,0.044781064287286274,0.0877708860030811,0.00085640516337165,0.001678554120208434,,,0.0300258035318891,0.05885057492250263
14-15,5,Ridge_full64,Full ridge,-3.5911109562889565,3.483575002496523,3,-4.147423398726107,4.985264024031226,3,-3.0347985138518063,2.075982132497248,3,2.9397896594835253,1.2071781882373782,3,2.0805698569304045,1.0367518291345574,3,2.0610558215071437,0.6934599069504919,3,-2.280986992967755,0.8372620593642359,3,0.45811705246191886,0.3559981128837356,3,0.9549015042671668,0.03718126523577321,3,0.8680314505727685,0.1080569567222049,3,0.33716335206066933,0.07341953153229415,3,2.011242965433619,3.942036212249893,2.8782435262557855,5.64135731146134,1.1985688430301396,2.3491949323390733,0.6969646519386951,1.3660507177998422,0.5985689476336736,1.1731951373620002,0.4003692639500793,0.7847237573421555,0.4833934753562021,0.947451211698156,0.20553560630442355,0.4028497883566702,0.021466613492684538,0.04207456244566169,0.062386713051376746,0.12227795758069843,0.04238878629394625,0.08308202113613464
14-15,10,FixedTerm_cross15to24_RIDGE,15-24 FixedTerm,-0.9487205772701257,0.19877381034176758,3,-1.0522267720456637,0.4468793425645334,3,-0.8452143824945878,0.17968079745576554,3,2.008298482087526,0.08412397800275138,3,1.4419950437413036,0.1547676026063305,3,1.3929673014272737,0.05879293376750554,3,-0.38325073905149515,0.08607541856009777,3,0.7482201385455771,0.21091718817581886,3,0.977217041346882,0.0014302928138778457,3,0.9527688283013468,0.010408931498227761,3,0.26004756729267076,0.12821108014699864,3,0.11476211290866714,0.2249337413009876,0.25800590872491636,0.505691581100836,0.10373875677929287,0.203327963287414,0.04856900134519067,0.09519524263657371,0.08935511702659794,0.17513602937213196,0.03394411613711716,0.06653046762874963,0.04969566607628216,0.09740350550951303,0.12177309537002798,0.23867526692525484,0.0008257799411123616,0.0016185286845802286,0.006009599402478172,0.011778814828857218,0.07402270163596235,0.1450844952064862
14-15,10,FixedTerm_crossPrev_RIDGE,Prev-stage FixedTerm,-0.9714729197869508,0.17431118213856298,3,-0.8113893319903765,0.48876371891925974,3,-1.1315565075835252,0.7158645752710836,3,2.0496209412801334,0.06500526481981318,3,1.4015706357498565,0.2337180351740375,3,1.4795404348534673,0.1444311283823615,3,-0.3667444427034465,0.15328789758771055,3,0.6810514749821079,0.14445863161614897,3,0.9734358074038597,0.007059507214603349,3,0.9471348639733996,0.004932119164043854,3,0.29183165186902466,0.06673898367447648,3,0.10063860793046123,0.197251671543704,0.2821878646881572,0.5530882147887881,0.41330460523607726,0.8100770262627114,0.037530807142462055,0.07356038199922563,0.13493717052220097,0.2644768542235139,0.08338735085091781,0.1634392076677989,0.08850080893577648,0.1734615855141219,0.08340322985034859,0.16347033050668325,0.004075808390697349,0.007988584445766804,0.002847560327036031,0.0055812182409906205,0.03853177018990103,0.07552226957220602
14-15,10,FixedTerm_sameStage_RIDGE,Same-stage FixedTerm,-1.2484692783802493,0.31438222006591776,3,-2.1126344687887233,0.581217885008978,3,-0.38430408797177534,0.06990872168677029,3,2.15248546259825,0.14972619549417301,3,1.7327243670030799,0.16439173985796943,3,1.2750335184016297,0.055834415444582064,3,-0.4785767974338635,0.1479229415885258,3,0.7528724903231204,0.1372224689511258,3,0.9827286204843607,0.002607049086390838,3,0.9490717743959514,0.005267160117152086,3,0.2567498568735756,0.08873136500855874,3,0.18150865938348978,0.35575697239163995,0.3355663023677584,0.6577099526408065,0.04036181928455945,0.07910916579773652,0.08644445927329933,0.16943114017566668,0.09491161525954958,0.18602676590871717,0.032236014786974854,0.06318258898247071,0.08540335014545668,0.16739056628509508,0.07922542938779754,0.15528184160008318,0.0015051804918183181,0.0029501537639639035,0.0030409963115026178,0.005960352770545131,0.051229077473254336,0.1004089918475785
14-15,10,FixedTerm_unionAllStages_RIDGE,Union FixedTerm,-2.1879985170477645,0.586119250691243,3,-2.3839151108206216,0.6139995520868162,3,-1.9920819232749072,0.6083589673145883,3,2.5627098713083276,0.22855196580397266,3,1.8607365541058236,0.2159054059952432,3,1.7592464260244494,0.14460607382985857,3,-0.9797473753973719,0.4278147054361525,3,0.8100120806850496,0.13966290931916162,3,0.9580667830089652,0.006972548162468814,3,0.9093725537154281,0.010703850598682224,3,0.26044678946106675,0.042787894247307445,3,0.3383961071638109,0.6632563700410694,0.354492806679633,0.6948059010920807,0.3512362135430003,0.6884229785442805,0.13195453898074178,0.2586308964022539,0.1246530442708491,0.24431996677086423,0.08348835565212374,0.16363717707816253,0.2469989353468431,0.4841179132798125,0.08063441829122425,0.15804345985079954,0.004025602558539,0.00789018101473644,0.006179871024514719,0.01211254720804885,0.024703602261740194,0.04841906043301078
14-15,10,LinearRegression_full64,Full linear,-33.80071888760439,15.24617946329183,3,-23.212458492186418,16.06976268892674,3,-44.38897928302237,14.53823400541713,3,6.134211840728457,0.8586407724742551,3,4.607494142245028,1.8236865645731575,3,3.766030895055522,0.8580659594389779,3,-18.100279058274477,6.084860739150421,3,-2.218256445167278,0.7207898367364374,3,0.8274635486853006,0.05678186554238701,3,0.4249942186929101,0.14262673604654638,3,1.4757594600921429,0.25641757101734736,3,8.802385817244883,17.252676201799968,9.277881814265259,18.184648355959908,8.393653316569353,16.45156050047593,0.4957364811251994,0.9716435030053908,1.0529059289738163,2.06369562078868,0.49540461266454844,0.9709930408225149,3.5130959857298807,6.885668132030566,0.41614820626892857,0.8156504842871,0.032783025355986276,0.0642547296977331,0.08234558445011125,0.16139734552221804,0.1480427536518155,0.29016379715755836
14-15,10,MotherCopyBaseline,Mother copy,-1.90998481866767,0.05217287538218483,3,-3.769055919682781,0.08122551765104566,3,-0.05091371765255883,0.02975629780748103,3,2.288964990172485,0.0036921146577244233,3,2.0116350456509964,0.003345502439397365,3,1.0920933200849146,0.005335136267487965,3,-0.05662550134468187,0.05235559180616082,3,8.881784197001254e-16,1.5383701491068514e-15,3,0.9873429937408517,0.00026475297443353315,3,0.953910805203931,0.004820355988243829,3,0.5420303782023256,0.010893429837852952,3,0.030122023646301215,0.05903916634675038,0.046895574480897914,0.09191532598255991,0.017179806549235847,0.03367242083650226,0.002131643391516159,0.004178021047371671,0.0019315267339606184,0.003785792398562812,0.003080242360197512,0.006037275025987123,0.030227515022869116,0.059245929444823466,8.881784197001254e-16,1.7408297026122458e-15,0.0001528552010579545,0.0002995961940735908,0.0027830338274023995,0.005454746301708703,0.006289324649282703,0.012327076312594097
14-15,10,RandomForest_full64_quick,RF quick,-0.1552431336647632,0.03506313049351133,3,-0.2074419115713243,0.07307235880545253,3,-0.10304435575820209,0.05813945943464778,3,1.582571266310757,0.019746918991536664,3,,,0,,,0,-0.02789802035327878,0.07130846814465837,3,0.23994033113818003,0.06586427319502365,3,0.986198148376567,0.0009252989515003972,3,,,0,0.4146788766314155,0.0365791144370722,3,0.02024370782905974,0.03967766734495709,0.04218834602664894,0.08268915821223193,0.03356683255513322,0.06579099180806111,0.011400888995429428,0.022345742431041676,,,,,0.04116996327881837,0.080693128026484,0.03802675585912596,0.07453244148388688,0.0005342215987296328,0.0010470743335100803,,,0.02111896156696176,0.04139316467124505
14-15,10,Ridge_full64,Full ridge,-3.2098926557349734,1.4386440437459516,3,-3.572498670172237,1.4990251932480723,3,-2.847286641297709,1.52594673169201,3,2.820409335526054,0.42297023372967846,3,2.1266642654935537,0.40393608248592394,3,1.844902147718862,0.24136163861243068,3,-2.1472958316790667,1.0293054588975121,3,0.5740606978342864,0.46419286362787354,3,0.9588113331138648,0.01292452551163069,3,0.8657190217952229,0.02790289769558526,3,0.4510503749767198,0.059026624503615774,3,0.8306015259247769,1.6279789908125626,0.8654625988438054,1.6963066937338585,0.8810057563114116,1.7267712823703667,0.2442019783030288,0.47863587747393643,0.23321260595865106,0.4570967076789561,0.13935020702493603,0.2731264057688746,0.5942697837728299,1.1647687761947465,0.26800187477145604,0.5252836745520538,0.007461978283288165,0.014625477435244803,0.01610974549571674,0.03157510117160481,0.03407903754651753,0.06679491359117436
14-15,20,FixedTerm_cross15to24_RIDGE,15-24 FixedTerm,-0.38266431224836833,0.08003472000812357,3,-0.18564045254474285,0.08864318095739718,3,-0.5796881719519938,0.23804120169064583,3,1.721806926554249,0.05617944437679873,3,1.1150023883994622,0.02538853665920837,3,1.310350256365864,0.09522609899701104,3,-0.6716216777184051,0.5945080542203944,3,0.713817404657444,0.15818700618306725,3,0.9823177771446033,0.0008476976033332331,3,0.9546244815421181,0.00833070878264215,3,0.2850796997149833,0.03645907532920159,3,0.046208067141206476,0.09056781159676469,0.051178164387577975,0.10030920219965282,0.13743315187431637,0.2693689776736601,0.03243521733386836,0.06357302597438198,0.014658078474524636,0.028729833810068287,0.054978813889802275,0.10775847522401245,0.3432393851395454,0.6727491948735089,0.09132931060209487,0.17900544878010594,0.0004894184394758428,0.0009592601413726518,0.004809736958198825,0.009427084438069697,0.021049656955719382,0.04125732763320999
14-15,20,FixedTerm_crossPrev_RIDGE,Prev-stage FixedTerm,-0.3005092570834032,0.1288791116753482,3,-0.08575439811239431,0.06612851551184729,3,-0.5152641160544121,0.2947641090444037,3,1.6955155387395893,0.0807707722749874,3,1.0603286626469723,0.05439478560257761,3,1.3187590387351533,0.14349608182690154,3,-0.29511155800265493,0.12855696636855593,3,0.5834922557729679,0.09553584101598069,3,0.9795775093423872,0.004752098684461406,3,0.9607679296413792,0.007345087327259337,3,0.31383770145519424,0.030098221277782708,3,0.07440838981868214,0.145840444044617,0.03817931623187538,0.07483145981447574,0.1701821377042267,0.3335569899002843,0.04663302711561794,0.09140073314661117,0.03140484411016016,0.06155349445591391,0.08284750147041818,0.16238110288201962,0.07422239913908743,0.14547590231261137,0.05515764352783374,0.10810898131455413,0.0027436254546894592,0.00537750589119134,0.004240688145614487,0.008311748765404393,0.017377216156856768,0.03405934366743926
14-15,20,FixedTerm_sameStage_RIDGE,Same-stage FixedTerm,-0.15444972842485208,0.12516794832889738,3,-0.11192001229605719,0.23579739165709832,3,-0.19697944455364705,0.05935469781463433,3,1.587913922337714,0.05797074502831777,3,1.068937216329737,0.08740855832376315,3,1.1726144596096897,0.038067352561968665,3,-0.16802083901003417,0.08386671420920488,3,0.5037564177431337,0.1658607541513998,3,0.9848116142429348,0.001570396017138394,3,0.9651940307914056,0.002278094240191953,3,0.3291793248038235,0.06096461699935911,3,0.07226574866160208,0.1416408673767401,0.13613768754743732,0.26682986759297717,0.034268450760948026,0.06716616349145813,0.03346942524722243,0.06560007348455596,0.05046535467770176,0.09891209516829545,0.021978196248989,0.04307726464801844,0.048420470024733854,0.09490412124847836,0.09575975105730503,0.18768911207231784,0.000906668563229168,0.0017770703839291692,0.0013152583228141603,0.0025779063127157544,0.03519793803562242,0.06898795854981994
14-15,20,FixedTerm_unionAllStages_RIDGE,Union FixedTerm,-0.8713929836355415,0.21990727115672018,3,-0.47393013777476617,0.22198468691930623,3,-1.2688558294963168,0.508675201917299,3,1.9858422942864422,0.12605641499130552,3,1.2256577924687972,0.07366050934837902,3,1.5584969914611968,0.17056943113767437,3,-1.4139982932808852,1.4874205529142261,3,0.5870445486867961,0.28154723105296925,3,0.9753948145477674,0.007056816242980432,3,0.9394513960676235,0.017120225239958226,3,0.32634504345137577,0.09435269335103234,3,0.12696352219908844,0.24884850351021334,0.12816291874883626,0.25119932074771906,0.29368376475703983,0.575620178923798,0.07277870512830942,0.14264626205148645,0.04252791490093157,0.08335471320582588,0.09847830698285763,0.19301748168640095,0.8587626566232105,1.6831748069814925,0.16255136963802558,0.31860068449053014,0.004074254757506476,0.007985539324712692,0.009884366650876908,0.01937335863571874,0.05447455290498474,0.10677012369377009
14-15,20,LinearRegression_full64,Full linear,-53.67503888477324,58.37763837232537,3,-44.23815377051369,43.63553881599421,3,-63.111923999032776,73.1210369901397,3,8.500123294165832,4.676802536176414,3,6.732090157291893,3.9030087373295252,3,5.178147903414284,2.6107026620119393,3,-43.70478480981723,48.31769549002279,3,-3.274414989832136,2.8150401340130053,3,0.8565181084835934,0.10857754218707062,3,0.43825793974374133,0.2435998104701052,3,2.1185150312220187,1.5826103009794137,3,33.70434522891668,66.0605166486767,25.192990081648624,49.3782605600313,42.21645038968174,82.74424276377621,2.700153203208177,5.292300278288027,2.2534031451466627,4.416670164487459,1.5072898846866658,2.954288173985865,27.896234497787027,54.676619615662574,1.6252641791520088,3.1855177911379373,0.06268727320965317,0.12286705549092021,0.14064241614945708,0.27565913565293587,0.9137204832927392,1.7908921472537689
14-15,20,MotherCopyBaseline,Mother copy,-1.9043627711641513,0.008974031594410702,3,-3.7352686248631017,0.01924766809407106,3,-0.07345691746520124,0.027541712375672774,3,2.294716289653856,0.013577954320743147,3,2.0162633007858273,0.015319389384349682,3,1.0955200196201338,0.017641851665335013,3,-0.0420387311779894,0.023144523037544818,3,4.440892098500626e-16,7.691850745534255e-16,3,0.9869971406920485,0.001028791767923834,3,0.9588939553353932,0.00388140379071169,3,0.5385105853978082,0.012187946869438488,3,0.005181159556749225,0.010155072731228482,0.011112646355384498,0.021780786856553616,0.015901215054037923,0.031166381505914328,0.007839235582125499,0.015364901740965978,0.008844653584874984,0.01733552102635497,0.010185527807984618,0.019963634503649852,0.013362496605991996,0.02619049334774431,4.440892098500626e-16,8.704148513061227e-16,0.0005939732041508965,0.0011641874801357572,0.0022409295234010283,0.004392221865866015,0.007036714405939168,0.01379196023564077
14-15,20,RandomForest_full64_quick,RF quick,-0.09200747361163368,0.030841897173760464,3,0.006135527687365743,0.02904418756191624,3,-0.19015047491063308,0.04582980367484972,3,1.5395833041237736,0.041532564677478755,3,,,0,,,0,-0.12922157683299415,0.11110613018892451,3,0.3351466226698228,0.13144346229623619,3,0.9848966465538932,0.0012038467541171946,3,,,0,0.38160628102732214,0.05434058073480451,3,0.017806577635589363,0.03490089216575515,0.016768669507266323,0.032866592234241994,0.02645984948858219,0.05186130499762109,0.0239788373966779,0.04699852129748869,,,,,0.06414715417319318,0.12572842217945862,0.07588891833994839,0.14874227994629885,0.0006950412475526195,0.0013622808452031343,,,0.03137354891515998,0.06149215587371355
14-15,20,Ridge_full64,Full ridge,-1.9185014456610057,0.3970424745833723,3,-1.6916311694309332,0.7045934860870996,3,-2.145371721891078,0.9415925008813824,3,2.4115093696064283,0.22025767870675028,3,1.6303045917444308,0.24547519553149305,3,1.7654710864238303,0.221697326698311,3,-1.9275599754807635,2.1981891901757153,3,0.5807069243221444,0.4790202205600632,3,0.9652872132117833,0.005679291471640974,3,0.905387128647039,0.029287818387166768,3,0.33560433395450345,0.2013968115525873,3,0.22923257958042514,0.4492958559776333,0.4067972388616438,0.7973225881688218,0.5436286838507991,1.0655122203475662,0.12716583009242438,0.24924502698115178,0.14172517021948355,0.27778133363018775,0.12799701124789026,0.2508741420458649,1.2691251206776748,2.4874852365282427,0.2765624532876264,0.5420624084437478,0.0032789404599582626,0.006426723301518195,0.016909329829807605,0.03314228646642291,0.11627650336381862,0.2279019465930845
14-15,40,FixedTerm_cross15to24_RIDGE,15-24 FixedTerm,-0.09283018502175532,0.07861041291806212,3,0.03659736170941063,0.06760956880658257,3,-0.22225773175292132,0.11359955830578344,3,1.538183660294666,0.0448223307883117,3,1.000363014211832,0.009934632137366563,3,1.1677199929035285,0.06692974356320668,3,-0.31739952988438597,0.21843716616684974,3,0.535569279835364,0.1520113491305645,3,0.9862460741428339,0.0009353260377030105,3,0.9668601784500005,0.0034730917985614338,3,0.28869767508140587,0.029244615458031285,3,0.0453857430593508,0.08895605639632757,0.03903440275027498,0.07650742939053895,0.06558673556766666,0.12855000171262665,0.025878184746338212,0.050721242102822896,0.005735762538808493,0.011242094576064645,0.038641905463009996,0.07573813470749959,0.12611475668744973,0.24718492310740148,0.0877637933404096,0.1720170349472028,0.0005400107396478992,0.0010584210497098824,0.0020051904848197256,0.003930173350246662,0.016884386607041453,0.033093397749801245
14-15,40,FixedTerm_crossPrev_RIDGE,Prev-stage FixedTerm,-0.1310261230698092,0.0086850213068558,3,-0.003619818561343899,0.07968169624702413,3,-0.25843242757827456,0.06443492592554363,3,1.5827722470407888,0.017464360828333712,3,1.0162496439476223,0.025585928457946747,3,1.2130623072785303,0.031258485608524615,3,-0.25068556295867156,0.03491364126719408,3,0.48212311430925797,0.08419312697423766,3,0.9840160487615875,0.001295865084813653,3,0.9674112412640795,0.002076034103290354,3,0.30528010096308505,0.01456829333638559,3,0.005014299389430832,0.00982802680328443,0.04600424877770538,0.09016832760430253,0.037201521828326214,0.07291498278351938,0.010083053425463225,0.01976278471390792,0.014772042682662061,0.02895320365801764,0.018047095080541732,0.035372306357861795,0.02015740018400453,0.03950850436064888,0.04860892452249246,0.09527349206408521,0.0007481680555505998,0.0014664093888791757,0.0011985988483815295,0.002349253742827798,0.008411008079395653,0.01648557583561548
14-15,40,FixedTerm_sameStage_RIDGE,Same-stage FixedTerm,0.0028594553750961663,0.04149605290849231,3,0.0703326304730169,0.014561583742907573,3,-0.06461371972282456,0.08328243746603949,3,1.4799749325006946,0.030272791574464993,3,0.9808724508014587,0.04828188316174541,3,1.106551840174169,0.06497994546450711,3,-0.06535408824337677,0.09900812735918049,3,0.4186034456969769,0.12121312862159996,3,0.9867340265280622,0.0015709559007900406,3,0.9691215339388598,0.006369201462139034,3,0.3153660771776649,0.0523234061080556,3,0.02395775731702499,0.04695720434136898,0.008407134293794966,0.016477983215838134,0.048083137689786073,0.0942429498719807,0.0174780043646388,0.03425688855469205,0.027875558240415776,0.05463609415121492,0.03751618900586039,0.07353173045148635,0.05716236898278361,0.11203824320625587,0.06998243243899747,0.13716556758043505,0.0009069918122061611,0.0017777039519240756,0.0036772601786889294,0.007207429950230302,0.030208932601404014,0.059209507898751866
14-15,40,FixedTerm_unionAllStages_RIDGE,Union FixedTerm,-0.30843637496547494,0.1359387840925996,3,-0.13123541458754467,0.1562893955659113,3,-0.4856373353434053,0.1925891452895569,3,1.691835288953082,0.06236913440003573,3,1.082979446863572,0.03598932452827207,3,1.29911363039964,0.07241259792091104,3,-0.6091017861824214,0.35882801039718126,3,0.7267554876430529,0.2119120757823637,3,0.9809871642459648,0.003019328260145102,3,0.9576947025084492,0.00934145128723062,3,0.27785790953451356,0.011001498038406205,3,0.0784842935891728,0.1538292154347787,0.09023372460146278,0.17685810021886705,0.11119139487592562,0.21793513395681421,0.03600883653498458,0.07057731960856978,0.02077844620435068,0.040725754560527336,0.041807432902358124,0.08194256848862193,0.20716944839559046,0.4060521188553573,0.12234749399748007,0.23980108823506094,0.001743209983766619,0.0034166915681825734,0.005393289415304375,0.010570847253996575,0.006351717853962963,0.012449366993767407
14-15,40,LinearRegression_full64,Full linear,-257.82079542147125,185.32783117817732,3,-130.37484782160632,54.21657942605815,3,-385.2667430213362,329.6280681624779,3,20.6155432906523,10.460634119265773,3,11.552921592665264,2.391429207922945,3,16.065276109737535,12.404121474784764,3,-812.3987548829709,1113.1006284656116,3,-20.633190983661958,19.515480618057143,3,0.8269394692835809,0.0188506878236626,3,0.14340231477625462,0.09530639405145869,3,5.445554242430589,2.6904241101562207,3,106.9990732190502,209.7181835093384,31.3019567261754,61.351835183303784,190.31085388606294,373.00927361668334,6.039449924652279,11.837321852318466,1.380692296942246,2.706156902006802,7.161522872527802,14.03658483015449,642.6489474797626,1259.5919370603347,11.267267988200217,22.083845256872426,0.010883449689401204,0.02133156139122636,0.05502517226110223,0.10784933763176037,1.5533170842329536,3.044501485096589
14-15,40,MotherCopyBaseline,Mother copy,-1.7819018887338334,0.15611112461080706,3,-3.5187658309649787,0.28482639055378206,3,-0.04503794650268763,0.02867639919054872,3,2.263628066178095,0.01754688534688736,3,1.9810665743993876,0.004754863462318217,3,1.094922022082457,0.0329364156689302,3,-0.0450664928239199,0.03647370310596054,3,4.440892098500626e-16,7.691850745534255e-16,3,0.9869706176506958,0.0009655595738886565,3,0.9607158846308508,0.0038885754859384245,3,0.5281703418197541,0.016669282935599557,3,0.09013079981754467,0.17665636764238754,0.16444459325853555,0.3223114027867297,0.016556326792052472,0.032450400512422845,0.010130698978464919,0.019856169997791242,0.002745221699929339,0.005380634531861504,0.01901584845259826,0.03727106296709259,0.02105810230656881,0.04127388052087487,4.440892098500626e-16,8.704148513061227e-16,0.0005574660799032362,0.001092633516610343,0.0022450701035707293,0.004400337402998629,0.00962401499006644,0.01886306938053022
14-15,40,RandomForest_full64_quick,RF quick,-0.019743483904772447,0.013426904207869851,3,0.041416957585664355,0.012623320616489494,3,-0.08090392539520924,0.022028410881949057,3,1.5036823560712225,0.01748052797320974,3,,,0,,,0,-0.09821702957700056,0.06284999418433034,3,0.26284119508352,0.04085021145869771,3,0.9865299786754013,0.00038835152844431716,3,,,0,0.39571063194374306,0.013288201833575883,3,0.007752026758796978,0.015193972447242077,0.007288077555997162,0.014284632009754437,0.01271810895251297,0.02492749354692542,0.010092387530909427,0.019781079560582476,,,,,0.036286461060889535,0.0711214636793435,0.023584880582132258,0.046226365940979224,0.00022421485948752914,0.0004394611245955571,,,0.007671946905661115,0.015037015935095786
14-15,40,Ridge_full64,Full ridge,-0.9069476017425866,0.7127001916350072,3,-0.7446902049307846,0.8206676158951074,3,-1.0692049985543886,0.6330931015998456,3,1.9813400709162072,0.2966853935323442,3,1.3243905602199233,0.26787667836323514,3,1.4712103032518609,0.1646871405446389,3,-1.2374979529319337,0.8960303833533584,3,0.6493019431745494,0.22573495418807388,3,0.9770155913132349,0.0045964846240822135,3,0.9172980278630729,0.055509290377969124,3,0.27852644649743497,0.07129417049196077,3,0.4114776474919693,0.8064961890842598,0.47381266895224866,0.9286728311464073,0.3655164726307659,0.7164122863563012,0.171291391820529,0.33573112796823684,0.1546586723626366,0.30313099783076775,0.09508216492551701,0.18636104325401334,0.5173233830311451,1.0139538307410445,0.1303281365659923,0.2554431476693449,0.002653781635039842,0.00520141200467809,0.03204830374224558,0.06281467533480133,0.04116170852518462,0.08067694870936186
14-15,80,FixedTerm_cross15to24_RIDGE,15-24 FixedTerm,-0.008351421582806533,0.0085826068734455,3,0.07910949546621489,0.003979446361046867,3,-0.09581233863182793,0.019768995461269808,3,1.476836233031953,0.01255486010032072,3,0.9869270899855783,0.0151678871146496,3,1.0985050431889594,0.01969345622689677,3,-0.0949482963818854,0.13818469891026708,3,0.5534885897428011,0.06614258720681367,3,0.986506898736978,0.00043076277839174354,3,0.9648872341959814,0.003987887551605334,3,0.24362211105842016,0.009730346983661948,3,0.004955170388732492,0.009712133961915684,0.0022975344277760853,0.004503167478441127,0.011413634851172614,0.022370724308298322,0.00724855185855826,0.01420716164277419,0.008757183708680803,0.017164080069014376,0.011370022253872963,0.022285243617591006,0.07978097311373009,0.15637070730291097,0.03818744052875217,0.07484738343635425,0.00024870100606134423,0.0004874539718802347,0.0023024079514172976,0.004512719584777903,0.005617818450325689,0.01101092416263835
14-15,80,FixedTerm_crossPrev_RIDGE,Prev-stage FixedTerm,0.0009218598135453324,0.029361128240058345,3,0.0796821465637598,0.011743485191716552,3,-0.0778384269366691,0.04913732859787533,3,1.4688480121360807,0.02910410832848698,3,0.9853109483415965,0.010726217665466909,3,1.0891534167114107,0.03693882004652198,3,-0.09363535893097509,0.10092656274547093,3,0.5256291675166672,0.013427541754991678,3,0.9868713069825191,0.00031250835502092495,3,0.9664006390927903,0.003078883399043022,3,0.2600580376710672,0.02322100792104882,3,0.01695165529310881,0.03322524437449327,0.006780104336661936,0.013289004499857393,0.02836944989324242,0.05560412179075514,0.016803264777975987,0.03293439896483293,0.006192784656543839,0.012137857926825923,0.02132663769740661,0.041800209886916954,0.058269978169481304,0.11420915721218336,0.007752394846799386,0.015194693899726797,0.00018042678289533818,0.00035363649447486286,0.0017775941592409587,0.003484084552112279,0.013406655174071969,0.02627704414118106
14-15,80,FixedTerm_sameStage_RIDGE,Same-stage FixedTerm,0.0812495186858459,0.015833646883177035,3,0.13135005348290968,0.008082169609409159,3,0.031148983888782067,0.02532984715520986,3,1.4163893258945708,0.02696263862228758,3,0.9588127551555563,0.01637312834455174,3,1.0422810172353338,0.03449001021510699,3,0.09019483748864339,0.09749664264200451,3,0.5267678454481278,0.013483145603986186,3,0.9872530518263513,0.0002641835482990378,3,0.9679052380357472,0.0029649334006313795,3,0.2587670433604475,0.014600922679077297,3,0.009141560290255741,0.01791745816890125,0.004666242799628591,0.009145835887272039,0.014624194073592492,0.028663420384241283,0.015566886666640335,0.030511097866615055,0.009453030057203238,0.018527938912118347,0.019912816682044965,0.03902912069680813,0.056289712874446056,0.11032783723391426,0.007784497743984344,0.015257615578209314,0.00015252644272592,0.00029895182774280316,0.0017118050969838396,0.003355137990088326,0.00842984663918219,0.01652249941279709
14-15,80,FixedTerm_unionAllStages_RIDGE,Union FixedTerm,-0.04110449326530823,0.019632272620190988,3,0.1020127624457536,0.02456169923041802,3,-0.18422174897637014,0.06049557280812199,3,1.5014016827293233,0.01709061548306243,3,0.9726174897690468,0.010855244108014504,3,1.1436040068280946,0.027611834595665796,3,-0.13909514205891618,0.08284186647620947,3,0.6649786667817515,0.11512751402001072,3,0.9849903816199189,0.0016750008764513087,3,0.9652369116670495,0.0017994007095960317,3,0.1946190132274247,0.053815295967504444,3,0.011334697882071388,0.02221600784885992,0.01418070366243647,0.02779417917837548,0.034927135245549835,0.06845718508127768,0.009867271449762481,0.01933985204153446,0.006267278107881273,0.012283865091447294,0.01594170013662707,0.031245732267789057,0.04782877391021058,0.09374439686401273,0.0664689012105856,0.1302790463727478,0.0009670622069120222,0.0018954419255475636,0.0010388844840652726,0.0020362135887679344,0.031070275613358074,0.060897740202181826
14-15,80,LinearRegression_full64,Full linear,-25.03918903585281,24.208039409620934,3,-17.589976123552916,16.21635995436725,3,-32.4884019481527,32.2841628882494,3,5.131325076913472,1.8198791892628243,3,4.25966133139234,2.1049222929914695,3,2.7206717359411208,0.23844064682635152,3,-8.954942068550235,1.877648763787004,3,-0.9399205965521341,0.2880180706313743,3,0.9418878353258099,0.010487170177167646,3,0.6058053028990419,0.20514295636982297,3,0.6506006368827258,0.12041817557633674,3,13.976518069697716,27.393975416607525,9.362519784929798,18.350538778462404,18.639270134092516,36.532969462821335,1.0507077398134896,2.0593871700344395,1.2152774524818692,2.381943806864464,0.13766377163094254,0.26982099239664736,1.084061019215995,2.12475959766335,0.16628731061050062,0.3259231287965812,0.006054770524825156,0.011867350228657305,0.11843934108247295,0.232141108521647,0.06952346608432164,0.1362659935252704
14-15,80,MotherCopyBaseline,Mother copy,-1.6694764164385398,0.03803122158491521,3,-3.3264818290846114,0.07725070334046805,3,-0.012471003792468202,0.0027734467279942982,3,2.2747513951719065,0.01136784573271033,3,2.0107015256719016,0.018893519944293575,3,1.0635813023780767,0.01801136902580923,3,-0.024425344363825697,0.024016596019599382,3,9.251858538542972e-16,8.031551133125521e-16,3,0.9871336837615963,0.0003087214433903107,3,0.9568525195520907,0.0017790281649770472,3,0.5071492623217241,0.022454368060101686,3,0.021957336019661104,0.04303637859853576,0.044600714368707155,0.08741740016266603,0.001601250214990595,0.003138450421381566,0.006563228793886448,0.012863928436017438,0.01090817882577746,0.02138003049852382,0.010398868755524647,0.020381782760828308,0.0138659881769342,0.02717733682679103,4.637018208720264e-16,9.088555689091716e-16,0.00017824040844600572,0.0003493512005541712,0.0010271223899454241,0.002013159884293031,0.012964035443982645,0.025409509470205982
14-15,80,RandomForest_full64_quick,RF quick,0.03161086434148833,0.010383093654555956,3,0.0832198307246514,0.014037856196773554,3,-0.019998102041674726,0.02698622506882088,3,1.455574183402377,0.010334164944501921,3,,,0,,,0,0.016955192292537873,0.019096687797852677,3,0.3180953434868506,0.03228440066434958,3,0.9868600835226585,0.00030932611972177884,3,,,0,0.35687792180362193,0.031086713202603946,3,0.005994681916478977,0.011749576556298795,0.008104760054052468,0.015885329705942836,0.015580504307895562,0.0305377884434753,0.005966432912558178,0.011694208508614029,,,,,0.011025477840720485,0.02160993656781215,0.018639407414187965,0.03653323853180841,0.00017858951848875144,0.0003500354562379528,,,0.017947922235744082,0.0351779275820584
14-15,80,Ridge_full64,Full ridge,-0.20503371317991323,0.02993007450253436,3,-0.0210399222434705,0.029732134412179836,3,-0.38902750411635595,0.03610028575231567,3,1.6457433712574268,0.03516412609916564,3,1.0457974771494023,0.02706801230301878,3,1.270669935927619,0.027731401107576773,3,-0.4360266133603185,0.15084254007228826,3,0.8505601412034863,0.09921207671063624,3,0.98211183706147,0.0005816030504395369,3,0.9563899957474776,0.0064376662255297866,3,0.15203724979472943,0.007969231203898995,3,0.017280136570903767,0.03386906767897138,0.017165855806454165,0.03364507738065016,0.020842509696921866,0.040851319005966856,0.020302017669171227,0.0397919546315756,0.015627724189575996,0.030630339411568952,0.016010731894464936,0.031381034513151274,0.08708898111598254,0.17069440298732577,0.05728011919574764,0.11226903362366537,0.0003357886777327741,0.0006581458083562373,0.0037167883282625846,0.0072849051233946655,0.00460103778080545,0.009018034050378683
15-24,5,FixedTerm_crossPrev_RIDGE,Prev-stage FixedTerm,-0.10249205160462464,0.3622396333601533,3,0.4508644736284686,0.33451865624048177,3,-0.6558485768377178,0.5238526459582822,3,8.8481888054415,2.4231017242679873,3,8.457023702960576,2.596525825478767,3,2.485231598587587,0.13676363661387658,3,-1.0192426791632514,0.5666860427090031,3,0.7727444724845925,0.18386367592261174,3,0.8872156855266665,0.017469163481383703,3,0.7129666379094667,0.1491383103975423,3,0.2256657073031244,0.06915828419643724,3,0.20913914983163587,0.4099127336700063,0.19313443622939405,0.3785434950096123,0.30244646615971194,0.5927950736730354,1.3989784327799688,2.7419977282487387,1.4991048842979813,2.938245573224043,0.0789605224143738,0.15476262393217266,0.3271763393040467,0.6412656250359315,0.10615374278811401,0.20806133586470346,0.010085826238494461,0.019768219427449142,0.08610504365450701,0.16876588556283373,0.03992855399750569,0.07825996583511115
15-24,5,FixedTerm_sameStage_RIDGE,Same-stage FixedTerm,0.29092500217463096,0.10428316646992412,3,0.7434233932544325,0.08354684216864966,3,-0.16157338890517062,0.16205132821345203,3,7.85556094872409,2.080030413382436,3,7.47755861805395,2.196829157113962,3,2.3300028747347787,0.22589926885764203,3,-2.24802171110685,1.6913926997096715,3,0.4015394432083244,0.7570072547296985,3,0.9183518160365486,0.009391952329796135,3,0.726401606935668,0.15972826277346233,3,0.6028383431085058,0.1863806680656801,3,0.06020791423335725,0.11800751189738021,0.04823579181601306,0.0945421519593856,0.09356037796657293,0.18337834081448295,1.200906119088958,2.3537759934143576,1.2683399052233646,2.4859462142377944,0.13042300368469928,0.2556290872220106,0.9765260304827468,1.9139910197461836,0.4370583422966911,0.8566343509015145,0.005422446205823932,0.010627994563414907,0.09221915550944976,0.1807495447985215,0.1076069288794627,0.2109095806037469
15-24,5,FixedTerm_unionAllStages_RIDGE,Union FixedTerm,0.011479386091585738,0.35149428630416607,3,0.6559111001617624,0.07398226505320332,3,-0.6329523279785908,0.6327323952662326,3,7.766336721806173,0.45825455420737427,3,7.37624778655731,0.4282695170370133,3,2.4290402832615414,0.19146647837903555,3,-1.5352775028347099,1.2746435721031808,3,0.4288172129512187,0.2500941773799448,3,0.8919539190877375,0.038596873840730864,3,0.7670604709201726,0.025825302182550223,3,0.3527537350836482,0.1295120431563533,3,0.20293532081632568,0.3977532287999983,0.04271368064372518,0.08371881406170135,0.3653082187319561,0.716004108714634,0.2645733902289995,0.518563844848839,0.2472615209470307,0.4846325810561801,0.11054322283292584,0.21666471675253463,0.7359158094745977,1.4423949865702115,0.14439194063306918,0.2830082036408156,0.02228391550182399,0.04367647438357502,0.014910245166998801,0.02922408052731765,0.07477381297961902,0.14655667344005327
15-24,5,LinearRegression_full64,Full linear,-4438.098663195525,7545.8796602574475,3,-5138.498449200375,8795.720399733113,3,-3737.698877190676,6296.057314569782,3,547.8995160684399,805.0689525986179,3,543.2304902292755,798.8092087254539,3,71.11579514174724,100.47613301487405,3,-23891.435844583757,40602.13168690907,3,-81.45660666742684,117.90539135963502,3,0.7119639691026419,0.04019301034049034,3,0.16488412889108522,0.17668909587075526,3,40.78248221746303,56.120055320351916,3,4356.6156531221595,8538.966680119433,5078.211540502595,9953.294619385086,3635.030385400176,7124.6595553843445,464.80677649902213,911.0212819380833,461.19271168879277,903.9377149100338,58.009922443270185,113.69944798880955,23441.65165910959,45945.637251854794,68.07270944039345,133.42251050317117,0.02320544533962351,0.04548267286566208,0.10201149706385215,0.1999425342451502,32.40092904614187,63.50582093043806
15-24,5,MotherCopyBaseline,Mother copy,0.3426433554169312,0.05660551885582527,3,0.9254299284527864,0.00022391087894373901,3,-0.2401432176189238,0.11298789088389428,3,3.5888506488235996,0.09385189690460778,3,2.681780009766955,0.0017789678799193518,3,2.3834912174838028,0.13826379228173738,3,-0.0915692750421136,0.05641319923106234,3,8.141635513917814e-16,7.050863183406401e-16,3,0.8948369091901407,0.009034190846528387,3,0.9638763238463667,0.004883183304809454,3,0.5777645843852782,0.0274140201804768,3,0.03268121154902916,0.06405517463609715,0.00012927500623265343,0.0002533790122160007,0.06523358921698444,0.1278578348652895,0.05418541794183231,0.10620341916599133,0.0010270875843511357,0.002013091665328226,0.07982663769303958,0.15646020987835757,0.03257017576190183,0.0638375444933276,4.0708177569589076e-16,7.978802803639459e-16,0.005215892517153617,0.01022314933362109,0.002819307195534025,0.0055258421032466885,0.015827491930768114,0.031021884184305504
15-24,5,RandomForest_full64_quick,RF quick,-0.04333343389531377,0.09890476176282147,3,0.05991670196641798,0.0270976825065064,3,-0.14658356975704553,0.22320095274971571,3,14.249022183962197,0.4789064326302483,3,,,0,,,0,-0.043172231691174234,0.07539435216386961,3,0.24972681516909948,0.14156664634091787,3,0.9035140581844828,0.018719618706231476,3,,,0,0.47239104319971964,0.02964740631463315,3,0.05710269082790078,0.11192127402268552,0.015644854289546484,0.03066391440751111,0.12886513015342932,0.25257565510072144,0.27649675779571725,0.5419336452796059,,,,,0.04352894951718757,0.08531674105368763,0.08173354137320149,0.16019774109147492,0.010807776899169898,0.021183242722373,,,0.017116938016527663,0.03354919851239422
15-24,5,Ridge_full64,Full ridge,-0.03821511548763463,0.26353609697121516,3,0.30852124832734024,0.037308707959251765,3,-0.3849514793026095,0.4912024398868035,3,11.875648827907204,0.9177826134492523,3,11.659152515006808,0.9694095223616398,3,2.237197162280113,0.19439640559778498,3,-1.4623531572165727,0.637403522620498,3,0.47162587887751406,0.40401150252113427,3,0.9040393833410687,0.03198532231122614,3,0.45686674604033084,0.09431896930424626,3,0.45602959744439947,0.167406287515857,3,0.1521526365275144,0.29821916759392825,0.02154019258339114,0.042218777463446634,0.28359586089524697,0.555847887354684,0.5298820389324841,1.0385687963076689,0.5596888486904793,1.0969901434333393,0.11223481710137684,0.2199802415186986,0.36800509536736026,0.7212899869200261,0.23325614973628206,0.4571820534831128,0.018466734446503354,0.03619479951514657,0.05445508231749463,0.10673196134228947,0.09665206516131594,0.18943804771617925
15-24,10,FixedTerm_crossPrev_RIDGE,Prev-stage FixedTerm,0.42156407467512974,0.041334946323676,3,0.8803727865259371,0.055308184343807056,3,-0.0372446371756776,0.13776947453177163,3,4.560646760561642,0.6291223587955234,3,4.0282947262063855,0.7338164693141561,3,2.1153818815389376,0.05965135994898479,3,-1.129774245762133,0.9848459026336481,3,0.6346172348993869,0.17062670907519886,3,0.9264052899138071,0.010120136372644807,3,0.9306488176678216,0.012526607797578476,3,0.31933302934977087,0.14495722987571394,3,0.023864742386913072,0.04677489507834962,0.03193219511928645,0.06258710243380144,0.07954124320703164,0.155900836685782,0.36322396320380773,0.7119189678794632,0.42366913609430884,0.8303915067448453,0.03443972872407363,0.06750186829918431,0.5686010469958368,1.1144580521118401,0.09851137641550603,0.19308229777439181,0.005842863458982203,0.011452012379605117,0.007232240383964798,0.014175191152571005,0.08369109568972591,0.16403454755186278
15-24,10,FixedTerm_sameStage_RIDGE,Same-stage FixedTerm,0.6469049953037298,0.1183466556320743,3,0.886964148370466,0.053014761816722794,3,0.4068458422369936,0.19473939460985662,3,4.8891464321252025,2.196980380515245,3,4.6082841487905375,2.2319871571493803,3,1.5860327073661897,0.2700214020941049,3,-1.2473709935913264,1.4162156097350687,3,0.6122537502567906,0.45445910529767236,3,0.9653575301541931,0.007699081083607298,3,0.9135162300389847,0.08419765404399907,3,0.506613049101348,0.21649976204409938,3,0.06832747348687004,0.1339218480342653,0.0306080870059088,0.05999185053158125,0.11243284189982548,0.22036837012365795,1.2684272140948032,2.4861173396258143,1.2886383860079824,2.5257312365756457,0.15589692918599166,0.30555798120454364,0.8176524635110919,1.60259882848174,0.26238208677928765,0.5142688900874037,0.0044450665361334294,0.008712330410821522,0.04861153822743784,0.09527861492577817,0.12499619589565071,0.2449925439554754
15-24,10,FixedTerm_unionAllStages_RIDGE,Union FixedTerm,0.412311068975274,0.23001298729385303,3,0.8514401220685137,0.045690816875097726,3,-0.02681798411796558,0.5056841948316342,3,5.348102460325482,0.08333881101425633,3,4.938221449973902,0.14457665872842293,3,2.0065243791501706,0.5206592712339911,3,-0.8064125245231987,0.5236368386718943,3,0.7374240371156503,0.3570704553488581,3,0.9258118756201958,0.03829596951074922,3,0.9228191157600422,0.015161782781075892,3,0.4237370328842893,0.09641900103240791,3,0.13279806013121603,0.26028419785718343,0.02637960542233157,0.05170402662776988,0.2919569060109832,0.572235535781527,0.04811568497302424,0.09430674254712751,0.08347137283539165,0.16360389075736761,0.3006027704030192,0.5891814299899176,0.3023218697648228,0.5925508647390526,0.2061547235153255,0.40406325809003796,0.022110188305908763,0.04333596907958118,0.0087536593700488,0.017157172365295646,0.055667536201055516,0.1091083709540688
15-24,10,LinearRegression_full64,Full linear,-23.815330053255064,19.051981889385704,3,-7.177567647408325,5.435182351066514,3,-40.4530924591018,32.707218112641726,3,28.304538556848332,12.041123008515282,3,25.834114082088863,10.569103154214284,3,11.504413441824191,5.947569892463087,3,-266.44312284934,217.16733405392995,3,-11.328624012459338,7.5979040708897205,3,0.7966099019071261,0.07922382217719057,3,0.49755299617393905,0.20184087748844182,3,5.245631604612011,2.9316382812155233,3,10.999666872432712,21.559347069968116,3.138003993482955,6.150487827226591,18.883521181777507,37.011701516283914,6.951945610311695,13.625813396210921,6.10207455117854,11.96006612030994,3.433831078437677,6.730308913737846,125.38161877522984,245.74797279945048,4.386651960605134,8.597837842786062,0.04573989506023202,0.08965019431805477,0.11653288495142217,0.22840445450478744,1.6925821508263943,3.317461015619733
15-24,10,MotherCopyBaseline,Mother copy,0.41508162899220435,0.02900396331590204,3,0.9255206731839881,0.00018298924299145732,3,-0.09535741519957923,0.05788921010861722,3,3.4818034961174766,0.031770602714548235,3,2.6807914683709573,0.003921010598866627,3,2.2216268838128443,0.044989038451893226,3,-0.8238028222426595,0.4420605643555129,3,1.6653345369377348e-15,7.691850745534255e-16,3,0.9079285525052447,0.003070272124214472,3,0.9656592663505131,0.005632985090871465,3,0.741761966115185,0.10568169970598437,3,0.016745446028002074,0.03282107421488406,0.00010564888869992373,0.0002070718218518505,0.033422351039384963,0.06550780803719453,0.01834276602956108,0.03595182141793971,0.0022637965247510232,0.0044370411885120056,0.02597443346078298,0.05090988958313464,0.25522378582877325,0.5002386202243956,4.440892098500626e-16,8.704148513061227e-16,0.0017726224374006296,0.003474339977305234,0.003252205458555789,0.006374322698769346,0.061015357773667275,0.11959010123638786
15-24,10,RandomForest_full64_quick,RF quick,0.347519074837826,0.10036409366423356,3,0.4976866172944761,0.08137695966605774,3,0.1973515323811759,0.12265180915949335,3,9.874604754160494,1.5568503841744838,3,,,0,,,0,-0.24620109025200132,0.1308091837931148,3,0.461517849386407,0.09762979210320306,3,0.9352839130914167,0.011777986102756273,3,,,0,0.49366641672138895,0.018693750170860595,3,0.05794523649401806,0.1135726635282754,0.04698300956903175,0.09208669875530223,0.0708130550348281,0.13879358786826307,0.8988479883911106,1.7617420572465767,,,,,0.07552271747543006,0.14802452625184293,0.056366586751711495,0.11047851003335453,0.006800023446938006,0.013328045955998492,,,0.010792841693309978,0.021153969718887555
15-24,10,Ridge_full64,Full ridge,0.3395213950223745,0.2528058904065716,3,0.707620771977028,0.034460956727220084,3,-0.028577981932278895,0.47460712641028124,3,7.834354195100777,1.4290801079006965,3,7.554574366617628,1.3893442100018918,3,2.0474141444126563,0.5314163086749507,3,-0.5276304806616717,0.30727309256968616,3,0.9123827165009036,0.0696528439078398,3,0.9202353347893127,0.04461660839930081,3,0.8063738397410622,0.08492580481550507,3,0.4325073646958901,0.22474165073511057,3,0.14595754887895715,0.286076795802756,0.01989604264299256,0.03899624358026542,0.27401455219229065,0.5370685222968896,0.8250797849900066,1.6171563785804128,0.8021382536416403,1.5721909771376148,0.3068133488652401,0.6013541637758706,0.17740420270983712,0.34771223731128076,0.04021408818001429,0.07881961283282801,0.02575941086966444,0.0504884453045423,0.049031936271377474,0.09610259509189985,0.12975465255003696,0.2543191189980724
15-24,20,FixedTerm_crossPrev_RIDGE,Prev-stage FixedTerm,0.5471054710614632,0.06165174013130675,3,0.9504754453776991,0.00475377211479025,3,0.14373549674522743,0.11941738707981624,3,3.1385760822249913,0.1858810192218853,3,2.441901110001154,0.12139572248675934,3,1.9709629299819842,0.15633526204599577,3,-0.8322097133175858,0.4737350894767306,3,0.854584878823406,0.13470081301516054,3,0.9311225791499868,0.013640601444269476,3,0.9685572105332544,0.006446688610849781,3,0.45034434361979075,0.20245560905013482,3,0.0355946487608188,0.06976551157120485,0.0027445916101402875,0.005379399555874963,0.06894566057645364,0.13513349472984915,0.10731845648499748,0.21034417471059505,0.07008785305619962,0.13737219199015124,0.09026020562608635,0.17691000302712923,0.27351108143396186,0.5360817196105653,0.07776955065436439,0.1524283192825542,0.00787540491575738,0.015435793634884466,0.003721997404855816,0.007295114913517399,0.11688780038404498,0.22910008875272814
15-24,20,FixedTerm_sameStage_RIDGE,Same-stage FixedTerm,0.7830264516625238,0.02967547649364144,3,0.9605165697325911,0.006495400653237691,3,0.6055363335924565,0.058544002211948394,3,2.3299013083859013,0.11951655313739329,3,1.9476818220941015,0.11056779181134956,3,1.2773076511160193,0.08514785107285205,3,0.10244296566555511,0.12602791722724432,3,0.9214695977134917,0.026178348588021587,3,0.9729170951817526,0.0035978108486635395,3,0.9833556382695084,0.0020104846027637607,3,0.24022607873164192,0.03677949307018782,3,0.017133144341934296,0.03358096291019122,0.0037501213156412518,0.007350237778656853,0.03380039543650645,0.06624877505555264,0.06900291412649023,0.13524571168792085,0.06383634436598516,0.1251192349573309,0.0491601347378293,0.09635386408614542,0.07276225193655739,0.14261401379565247,0.015114076604234123,0.02962359014429888,0.0020771970619692507,0.004071306241459731,0.0011607538266072551,0.00227507750015022,0.02123465022473091,0.04161991444047258
15-24,20,FixedTerm_unionAllStages_RIDGE,Union FixedTerm,0.6852113018420312,0.09142862889914442,3,0.940508336297159,0.015408701829747193,3,0.4299142673869032,0.16751746699954398,3,2.836972409328871,0.2830681652135904,3,2.374851379968488,0.17877335988377988,3,1.547982769930939,0.2579374914222482,3,-0.5731414139529741,0.9792683512496104,3,0.7425028476697891,0.23743828856732951,3,0.9611851964904329,0.009961228855614053,3,0.9758781506880346,0.0058651930728410425,3,0.18726459744814558,0.057798088381706775,3,0.05278634350655943,0.10346123327285649,0.008896218149267221,0.017436587572563753,0.09671625466615097,0.1895638591456559,0.1634294813850799,0.3203217835147566,0.10321484745283416,0.20230110100755494,0.1489202801067318,0.29188374900919434,0.5653808462028436,1.1081464585575733,0.13708505982027175,0.26868671724773263,0.005751118161248242,0.011272191596046553,0.0033862707994539044,0.006637090766929653,0.03336974188582419,0.06540469409621542
15-24,20,LinearRegression_full64,Full linear,-2.8850263894575696,1.980396389635916,3,-0.27202630824347146,0.5333784841035735,3,-5.498026470671668,3.441416802681257,3,10.341021359801177,2.0717939105052614,3,9.625369859050592,2.006941436666155,3,3.744749639276833,0.8144065610123563,3,-16.21239516194795,10.004777688960981,3,-1.9942906991081266,0.9957212093928588,3,0.8544123103400104,0.018263736400490244,3,0.7809759178752776,0.05697231918199027,3,1.4042765170758111,0.4383228436503186,3,1.143382388658459,2.2410294817705796,0.30794621137715267,0.6035745742992192,1.986902917421725,3.894329718146581,1.1961507719356401,2.3444555129938545,1.158708178707019,2.271068030265757,0.4701978472302813,0.9215877805713514,5.776261091903985,11.321471740131809,0.5748799082807868,1.126764620230342,0.01054457312723141,0.02066736332937356,0.032892983816079364,0.06447024827951556,0.2530658117734737,0.49600899107600843
15-24,20,MotherCopyBaseline,Mother copy,0.40202006496393433,0.1007402284132116,3,0.9255801782785446,6.921605563090624e-05,3,-0.1215400483506759,0.20154593428728532,3,3.4992120796937094,0.12360466798744743,3,2.6817241744158373,0.0019409681083774782,3,2.244818501485257,0.1889977148471072,3,-0.5866810572433078,0.4670216659297699,3,8.141635513917814e-16,7.050863183406401e-16,3,0.905120148925313,0.015423178089786002,3,0.9655853361841166,0.0076090332070375315,3,0.6837979083761553,0.11274167091621409,3,0.05816239799259211,0.11399830006548053,3.996190835074783e-05,7.832534036746575e-05,0.11636259941483881,0.22807069485308407,0.0713631883356471,0.13987184913786832,0.0011206184598602158,0.002196412181326023,0.10911788154320148,0.2138710478246749,0.26963508454194013,0.5284847657022026,4.0708177569589076e-16,7.978802803639459e-16,0.008904576021897486,0.017452969002919073,0.004393077370355921,0.008610431645897604,0.06509143405236441,0.12757921074263423
15-24,20,RandomForest_full64_quick,RF quick,0.5345799943379421,0.058309170781667925,3,0.617881980560886,0.1351068072505445,3,0.4512780081149983,0.07612624842325945,3,7.209168404749323,0.8991357250438244,3,,,0,,,0,0.07691353139428969,0.162542903835435,3,0.6023858782162659,0.03970131387959696,3,0.9572733829437577,0.0079964069420518,3,,,0,0.3743472899447819,0.03458797612742533,3,0.03366481544701984,0.06598303827615888,0.07800395153545275,0.1528877450094874,0.04395151001956517,0.08614495963834773,0.5191162528920614,1.0174678556684404,,,,,0.09384418928425185,0.18393461099713362,0.022921564255567132,0.04492626594091158,0.0046167277005433995,0.009048786293065063,,,0.01996937732789336,0.03913997956267099
15-24,20,Ridge_full64,Full ridge,0.5898300725563296,0.15573869464910106,3,0.9233015547635334,0.034695557422903346,3,0.2563585903491257,0.2770134056655613,3,3.390835566183205,0.4878099734126911,3,2.9071466560802026,0.40069960397584203,3,1.7409930440871904,0.3165587837930447,3,-0.7005884096453462,0.4581432036107943,3,0.6950022557768083,0.11708805523953929,3,0.9470934365456868,0.022555017416164957,3,0.9649996371774302,0.004067823827047521,3,0.2338660281128173,0.1609265819580364,3,0.08991577727889943,0.17623492346664288,0.020031489417797366,0.03926171925888284,0.15993376433014683,0.31347017808708777,0.2816372194632014,0.5520089501478748,0.23134402421962885,0.45343428747047254,0.1827652990372549,0.35821998611301964,0.26450910193208965,0.5184378397868957,0.06760082021143779,0.13249760761441806,0.013022145376799537,0.025523404938527092,0.00234855918156186,0.004603175995861245,0.0929110054132387,0.18210557060994784
15-24,40,FixedTerm_crossPrev_RIDGE,Prev-stage FixedTerm,0.6185613593226155,0.015677560405175754,3,0.9613281098435276,0.0007785694546960048,3,0.27579460880170337,0.03200147791734223,3,2.8791929262653873,0.03399759912699083,3,2.218305803162455,0.027227999978749633,3,1.8352284886200831,0.040323319159650935,3,-0.6347765874928112,0.40357295696336376,3,0.9560084811891163,0.03867469884948113,3,0.9425685815416287,0.004349818244515702,3,0.9745178161141054,0.0024774724479533837,3,0.34943721110336856,0.15695402141810838,3,0.00905144372016484,0.017740829691523085,0.0004495072842515585,0.0008810342771330547,0.018476061890043402,0.03621308130448507,0.019628523007769145,0.03847190509522752,0.015720093117226226,0.030811382509763403,0.023280679171443663,0.04563013117602958,0.23300295534045135,0.45668579246728463,0.022328847791575644,0.043764541671488265,0.002511368734397086,0.004922282719418289,0.0014303693847357672,0.0028035239940821036,0.09061744651613916,0.17761019517163276
15-24,40,FixedTerm_sameStage_RIDGE,Same-stage FixedTerm,0.8350427927546679,0.005371552050481327,3,0.9707743357872541,0.003715624271258472,3,0.6993112497220814,0.007107230697970673,3,2.0475415731840942,0.09529007859316027,3,1.7090446768449663,0.10719591523979266,3,1.1269037151417003,0.0105090309526012,3,0.29957898440532355,0.049112308661113775,3,0.930962563924454,0.01115995480448014,3,0.9794015640066333,0.0002745293950174942,3,0.9857447291222753,0.004396596601307277,3,0.14952954929923057,0.025883409404371793,3,0.003101267022311481,0.006078483363730502,0.002145216673218586,0.004204624679508428,0.00410336155666614,0.008042588651065635,0.05501575252686168,0.1078308749526489,0.061889590519722606,0.1213035974186563,0.0060673918494064125,0.011892088024836569,0.02835500462601803,0.05557580906699534,0.006443202910510666,0.012628677704600905,0.0001584996201138154,0.00031065925542307816,0.0025383762312829504,0.004975217413314583,0.014943793387159347,0.02928983503883232
15-24,40,FixedTerm_unionAllStages_RIDGE,Union FixedTerm,0.795730285552886,0.009228857635144569,3,0.9670069433230695,0.00275918692720135,3,0.6244536277827027,0.018314937200350274,3,2.2027374501205856,0.009792705205592493,3,1.812920149914725,0.014050104017060309,3,1.2509374076556599,0.02628880254646485,3,0.16757772929258874,0.10161813833397756,3,0.9405043834956976,0.09602859490525137,3,0.9745074598332027,0.0008997737650888547,3,0.983592055627356,0.004115149339903955,3,0.14378587357428865,0.0905581340652994,3,0.00532828343996345,0.010443435542328362,0.0015930173151641957,0.0031223139377218236,0.010574133922813322,0.020725302488714112,0.005653820986543476,0.011081489133625212,0.008111831336392011,0.01589918941932834,0.0151778472268744,0.029748580564673825,0.058669259521670576,0.11499174866247433,0.05544213511844841,0.10866658483215888,0.0005194846254838134,0.001018189865948274,0.002375882579149059,0.004656729855132156,0.05228376307991083,0.10247617563662523
15-24,40,LinearRegression_full64,Full linear,-17.323201183733328,25.292169582137397,3,0.2778388960131792,0.18097252899983865,3,-34.924241263479836,50.42829787046774,3,12.35651650621874,5.305391399638934,3,8.95060279945761,1.3138642004505134,3,7.984528030051656,6.296603966767573,3,-152.88668319381483,235.3967461393233,3,-6.937317902057274,8.512478438102956,3,0.823920937039941,0.04253311662828952,3,0.683136750889919,0.17431173040034578,3,3.093020487945856,2.783963540360147,3,14.602440916636692,28.620784196607914,0.1044845383339842,0.20478969513460904,29.11479135028918,57.064991046566796,3.0630691527378637,6.003615539366213,0.7585598498087164,1.4867773056250841,3.635345995193724,7.125278150579699,135.90637474990032,266.3764945098046,4.914681717709628,9.63277616671087,0.024556506334816704,0.04813075241624074,0.10063892446954911,0.19725229196031627,1.6073220994410344,3.1503513149044275
15-24,40,MotherCopyBaseline,Mother copy,0.4460323117042862,0.019953534328180096,3,0.9254554741924587,0.00014242924317468705,3,-0.03339085078388623,0.04001196470573789,3,3.4517872206903366,0.032375488859549384,3,2.681913854638141,0.0010942691974026321,3,2.1728057833582928,0.051760567931692064,3,-0.3016171738641752,0.25742190657855063,3,8.141635513917814e-16,7.050863183406401e-16,3,0.9114137538981056,0.004170943095167501,3,0.965041488428958,0.006291282316818352,3,0.6191934568295988,0.057555739419642725,3,0.011520178415659218,0.022579549694692065,8.223156188738024e-05,0.00016117386129926528,0.023100918593663578,0.04527780044358061,0.01869199720820657,0.03663631452808487,0.0006317766156863254,0.0012382821667451978,0.029883977828770326,0.058572596544389836,0.14862260705843292,0.2913003098345285,4.0708177569589076e-16,7.978802803639459e-16,0.002408095118769568,0.0047198664327883525,0.0036322735391630086,0.007119256136759497,0.03322982164733868,0.06513045042878382
15-24,40,RandomForest_full64_quick,RF quick,0.5598943405618725,0.03657965074483421,3,0.7753333771411772,0.011184969721502281,3,0.3444553039825677,0.064186606744511,3,5.845096089556445,0.4072027267121091,3,,,0,,,0,0.06664242402089411,0.21835809928117142,3,0.4213130231703846,0.0734693856596186,3,0.9445237640949418,0.008530063718957226,3,,,0,0.39163420815695843,0.1018173037671024,3,0.02111927120439253,0.04139377156060935,0.006457645279587156,0.012656984747990825,0.03705815468231208,0.07263398317733168,0.23509860388198583,0.4607932636086922,,,,,0.12606910739971935,0.24709545050344994,0.04241756958777723,0.08313843639204337,0.0049248345843446156,0.009652675785315446,,,0.05878424773809847,0.115217125566673
15-24,40,Ridge_full64,Full ridge,0.7014289953105436,0.0746645017202759,3,0.959106727841058,0.005810854415874677,3,0.44375126278002924,0.15204380899738482,3,2.565970285065291,0.03911782235442132,3,2.093504564922809,0.07738163797665688,3,1.4763528852630199,0.16816282027028506,3,-0.11128375957814807,0.3947602183448794,3,0.9642175341207931,0.03555724506219642,3,0.9649253269089758,0.005494290175472745,3,0.9771852340815994,0.0077171055919985,3,0.15269671605861174,0.051847202301107106,3,0.04310757016711057,0.08449083752753672,0.003354898361226971,0.006575600788004863,0.08778253405325617,0.1720537667443821,0.022584685266437112,0.04426598312221674,0.044676309516157024,0.08756556665166777,0.09708884955073574,0.19029414511944204,0.22791491832677158,0.4467132399204723,0.020528985008300596,0.040236810616269165,0.0031721299118151053,0.006217374627157607,0.0044554729909051,0.008732727062173996,0.029933996205273174,0.05867063256233542
15-24,80,FixedTerm_crossPrev_RIDGE,Prev-stage FixedTerm,0.6330134494731342,0.00284479579295227,3,0.9617939104022856,0.0016767746557379026,3,0.3042329885439827,0.007215556169211669,3,2.821423874441784,0.03902093646187899,3,2.1799852135915194,0.05482630405381308,3,1.7908349377132502,0.00526975835970519,3,-0.7382271139432953,0.2495179294458764,3,0.6933675524498547,0.0808541000542748,3,0.9450851537041339,0.0003987484343338936,3,0.9773118730064647,0.0005336173862742154,3,0.387756266761307,0.09652753442100848,3,0.0016424436168505081,0.003219189489026996,0.0009680862988606202,0.0018974491457668156,0.004165903296647222,0.008165170461428554,0.02252874817029712,0.044156346413782355,0.03165398140414125,0.06204180355211685,0.0030424964075400724,0.005963292958778542,0.1440592437332148,0.282356117717101,0.046681136431420495,0.09149502740558417,0.0002302175159016153,0.000451226331167166,0.00030808414160968283,0.0006038449175549784,0.05573019798218012,0.10923118804507302
15-24,80,FixedTerm_sameStage_RIDGE,Same-stage FixedTerm,0.8404071872955566,0.0035992120986205254,3,0.9761277077719539,0.0004148550146111797,3,0.7046866668191593,0.007501619760242527,3,1.9107622455159945,0.005048874020374693,3,1.5509668560862917,0.00986832836320479,3,1.1158949875773363,0.019155354096102185,3,0.3206022024903963,0.05277113416693151,3,0.9409665429213477,0.03173928565810142,3,0.9797893996299876,0.0006074586474317362,3,0.9895613460913463,0.00026844676462643935,3,0.1103647202201436,0.004263004359073114,3,0.0020780060740091186,0.004072891905057873,0.00023951665436043075,0.00046945264254644425,0.0043310621879342395,0.00848888188835111,0.0029149687747678375,0.005713338798544961,0.005697482036947905,0.011167064792417894,0.011059348843807198,0.021676323733862107,0.030467428516719765,0.05971615989277074,0.018324685118591283,0.03591638283243891,0.0003507164136162789,0.0006874041706879067,0.00015498781182015888,0.0003037761111675114,0.0024612467142674107,0.004824043559964125
15-24,80,FixedTerm_unionAllStages_RIDGE,Union FixedTerm,0.8295094762276328,0.008612067043662958,3,0.9754083896340108,0.0003842730493184114,3,0.6836105628212549,0.01729720277070598,3,1.974187775854964,0.026190735756657264,3,1.6135356907749847,0.023933595597377767,3,1.137272834555772,0.030146487509670368,3,0.4020013037408174,0.058038929050968406,3,0.8934298469942608,0.022034620457119503,3,0.9780368866051963,0.0009645863252841455,3,0.988815355469915,0.00029633149669773084,3,0.07074571292587527,0.018164668890811444,3,0.0049721792259379135,0.00974547128283831,0.00022186014846630318,0.00043484589099395424,0.009986544675894639,0.01957362756475349,0.015121228339380429,0.02963760754518564,0.013818067860821697,0.027083413007210524,0.01740508267882988,0.03411396205050656,0.0335087913110542,0.06567723096966623,0.01272169405240918,0.02493452034272199,0.0005569041745594333,0.0010915321821364894,0.00017108706938779962,0.00033533065600008726,0.010487376473850408,0.0205552578887468
15-24,80,LinearRegression_full64,Full linear,0.4108218163480504,0.21630129893565508,3,0.9271705480976101,0.021177280837138768,3,-0.10552691540150948,0.41144740992681067,3,3.328983393696254,0.6022995966561999,3,2.7766822355124687,0.5939291260782227,3,1.8313473578064847,0.1936816399490368,3,-1.0322891163682337,0.8663522238040484,3,0.540564742524584,0.29943087157701387,3,0.9491879526332258,0.010324520835955102,3,0.9591747562957135,0.01827220562121671,3,0.2893429559935505,0.14874261465590566,3,0.12488161316656618,0.2447679618064697,0.012226708792026371,0.023964349232371687,0.23754927287861846,0.46559657484209216,0.34773783426226007,0.6815661551540297,0.3429051408208211,0.6720940760088093,0.11182214696166458,0.21917140804486257,0.5001886896262983,0.9803698316675445,0.17287649430867322,0.3388379288449995,0.005960864883892579,0.011683295172429454,0.010549462834097662,0.020676947154831416,0.0858765886115559,0.16831811367864957
15-24,80,MotherCopyBaseline,Mother copy,0.4543755291716822,0.0061829507550239925,3,0.9252617731962239,0.00045024960549648016,3,-0.0165107148528594,0.012251980967128552,3,3.438402550428678,0.013122887223749496,3,2.6857114223462193,0.006586795211377255,3,2.146969713077028,0.016117785303003264,3,-0.35814340434492903,0.2046895962849863,3,4.070817756958907e-16,7.050863183406401e-16,3,0.9133659497076358,0.0016444261662649272,3,0.9682705745061068,0.0029894327094183186,3,0.6307398912223862,0.05093085973505567,3,0.003569728282799302,0.006996667434286632,0.00025995173093591565,0.0005095053926343947,0.007073684509477841,0.013864421638576568,0.007576502471176872,0.01484994484350667,0.0038028879883855965,0.007453660457235769,0.009305607683429529,0.018238991059521877,0.11817759351545268,0.23162808329028725,4.0708177569589076e-16,7.978802803639459e-16,0.00094940988975552,0.0018608433839208192,0.0017259497795069387,0.0033828615678335996,0.029404945578093464,0.05763369333306319
15-24,80,RandomForest_full64_quick,RF quick,0.7553977088237916,0.04386791976574273,3,0.8942087195551629,0.022690511734300853,3,0.6165866980924203,0.07460807734429488,3,3.691319384236582,0.26744922116472775,3,,,0,,,0,0.3690463534292678,0.09734183622280196,3,0.634289333503575,0.05883021308046897,3,0.9699726968351023,0.009105141940977632,3,,,0,0.2412769581102537,0.022086366607615007,3,0.025327155285540474,0.04964122435965933,0.01310037305784896,0.025676731193383963,0.04307499353844907,0.08442698733536018,0.15441187983401133,0.3026472844746622,,,,,0.05620033534664718,0.11015265727942847,0.033965639358491805,0.06657265314264393,0.005256856150633187,0.010303438055241046,,,0.012751569706327286,0.024993076624401478
15-24,80,Ridge_full64,Full ridge,0.7921609847473512,0.022460769014488093,3,0.974512722593857,0.000713654899398402,3,0.6098092469008455,0.0445033306194981,3,2.104247560939466,0.07021980637987825,3,1.6954371855571726,0.031492965936528276,3,1.24580061669823,0.07704590047829088,3,0.2815368857822844,0.1348169000356752,3,0.8937300957389721,0.06004154946949215,3,0.9739877190416623,0.002732443775084474,3,0.9860579138070857,0.00112623395630815,3,0.083359951930958,0.007627025045146133,3,0.012967731036720706,0.025416752831972582,0.0004120288482761627,0.0008075765426212788,0.025694009913002143,0.0503602594294842,0.04054142411586611,0.07946119126709757,0.018182472361034315,0.035637645827627254,0.04448247138109836,0.08718564390695278,0.07783657352690795,0.1525596841127396,0.03466500474877353,0.06794340930759611,0.0015775771490905382,0.0030920512122174547,0.0006502314778450076,0.001274453696576215,0.004403464962931138,0.00863079132734503
4-8,5,FixedTerm_cross15to24_RIDGE,15-24 FixedTerm,-88.82458174264235,152.68522719616277,3,-56.79317963063804,99.54125994799405,3,-120.85598385464668,205.8308595885153,3,27.550296268760036,37.24179351582085,3,22.01545928703783,29.620360551878466,3,16.54783455482921,22.590855399621496,3,-976.4443341912732,1676.9923452445219,3,-15.743291821160895,25.53316518301064,3,0.8012023265128354,0.13729426217065202,3,0.7629975787119432,0.22539162880001462,3,8.214600055423174,12.160582118958482,3,88.15285702298375,172.77959976504815,57.47017322644888,112.6415395238398,118.83650219096138,232.9195442942843,21.50155951146363,42.143056642468714,17.101323138120804,33.51859335071678,13.042836446195382,25.563959434542948,968.2119819558666,1897.6954846334984,14.741579791674376,28.893496391681776,0.079266879222417,0.1553630832759373,0.13012991756077666,0.25505463841912224,7.0209153598832295,13.760994105371129
4-8,5,FixedTerm_crossPrev_RIDGE,Prev-stage FixedTerm,-8.290820349848165,11.90804574189581,3,-12.460359159429387,19.554729892320402,3,-4.121281540266944,4.305403914618421,3,14.941884605230692,10.811874432558623,3,14.12976156283139,10.393177045485238,3,4.654841787499509,3.4339193565050508,3,-32.12223057195047,49.58812945280728,3,-2.216309873641647,4.0021445958775175,3,0.9012894832045254,0.04040791674769078,3,0.7545229808663572,0.14499790090220083,3,1.908578478061069,1.5807153514475165,3,6.875113414605924,13.47522229262761,11.289928567261606,22.12825999183275,2.485726109075014,4.872023173787027,6.2422386140821535,12.23478768360102,6.000503564946342,11.76098698729483,1.9825742648536577,3.885845559113169,28.629719888188294,56.11425098084906,2.310639259765691,4.528852949140754,0.02332952161167126,0.04572586235887567,0.08371457711781634,0.16408057115092,0.9126264336703976,1.7887478099939793
4-8,5,FixedTerm_sameStage_RIDGE,Same-stage FixedTerm,-61008.09916193381,105658.24957224373,3,0.6681336819696679,0.18672578929229466,3,-122016.86645754956,211316.47854359206,3,417.37174304032993,707.8354683128957,3,5.649212677422401,2.8356641015207944,3,416.6648692033327,708.4204096406785,3,-840433.6375572392,1455527.1084697458,3,-528.6113814308234,903.0926208601072,3,0.8754619727289591,0.09183552338911476,3,0.4977126590727195,0.44837175652027916,3,56.6632637388097,96.02719821879047,3,61001.81883263958,119563.56491197358,0.10780618471255167,0.21130012203660126,122003.62577134666,239127.10651183946,408.6689981724152,800.9912364179337,1.637171432344389,3.2088560073950028,409.0067142054707,801.6531598427225,840348.9678878054,1647083.9770600987,521.4007677567475,1021.9455048032252,0.05302126414987558,0.10392167773375614,0.25886755432400854,0.5073804064750568,55.44132874114423,108.6650043326427
4-8,5,FixedTerm_unionAllStages_RIDGE,Union FixedTerm,-35069.86196331991,60722.88165739628,3,-6.438066714578544,11.756008542484219,3,-70133.28585992525,121434.01034071787,3,318.95723860954485,535.3204039343003,3,19.566727134654034,19.120230723492725,3,314.9616230312161,537.984582072546,3,-483049.12242595205,836628.1918161849,3,-397.9402858347273,685.6798682482021,3,0.8439951490140117,0.06217979664330347,3,0.44996061371209267,0.3770074200877599,3,45.18835083384153,76.37076045391439,3,35058.37207086753,68714.40925890036,6.787334696598804,13.303176005333656,70109.95855898927,137415.51877561896,309.0673793141675,605.7720634557683,11.039070355176278,21.636577896145504,310.6055432794528,608.7868648277274,483027.51175670425,946733.9230431403,395.87745651100664,775.919814761573,0.035899522330167445,0.0703630637671282,0.2176653354741545,0.42662405752934285,44.092679106283896,86.42165104831643
4-8,5,LinearRegression_full64,Full linear,-5295.242574715951,9165.324978248269,3,-405.2420896393725,702.5294005831563,3,-10185.24305979253,17628.120689091626,3,65.83488672694315,97.81938386502405,3,65.1672702055278,98.25752693917465,3,5.161464701172492,2.3060765819611273,3,-41.17084863062477,47.44804836803603,3,-3.562964451070273,3.5645795929814232,3,0.6489107576137542,0.1945874114917264,3,0.6721611071637542,0.18275439136591745,3,2.303381115442247,1.484535368173047,3,5291.602843402039,10371.541573067996,405.6055385403117,794.986855539011,10177.600225154261,19948.09644130235,56.476047606434975,110.69305330861255,56.729009628239396,111.18885887134921,1.331413935367149,2.609571313319612,27.394143497807985,53.692521255703646,2.0580109875556714,4.033701535609116,0.11234509440566072,0.220196385035095,0.10551329705069866,0.20680606221936937,0.8570968944362289,1.6799099130950086
4-8,5,MotherCopyBaseline,Mother copy,0.1992899140794119,0.12333732067492995,3,0.808323868309159,0.00038151592305883333,3,-0.4097440401503354,0.24630108091189923,3,3.6072435488529777,0.1904028555128634,3,2.30021036977413,0.001995280442469786,3,2.7757952178093306,0.24606511884288637,3,-0.548977152743953,0.7678727297645194,3,3.7007434154171876e-16,6.409875621278545e-16,3,0.8437087462028288,0.025048161015349228,3,0.954719254479058,0.006318800621385606,3,0.745704087893048,0.21093430064065768,3,0.071208835292798,0.1395693171738841,0.000220268320878146,0.00043172590892116613,0.14220199536618083,0.2787159109177144,0.10992913988482511,0.2154611141742572,0.0011519757005687267,0.0022578723731147042,0.1420657626021177,0.27844889470015066,0.443331527232918,0.8689297933765193,3.700743415417188e-16,7.253457094217688e-16,0.014461562504916968,0.02834466250963726,0.003648161239712554,0.007150396029836606,0.12178297525620917,0.23869463150216996
4-8,5,RandomForest_full64_quick,RF quick,0.021372392300541814,0.24552046954291445,3,0.09752912509812983,0.378033853656851,3,-0.054784340497046224,0.23282115758920102,3,11.626054017634424,3.3975707822440406,3,,,0,,,0,-0.6398442284710758,0.9225454825580799,3,0.3916880883123562,0.2611628029354636,3,0.8874641072846755,0.04327818343522531,3,,,0,0.6747030615939984,0.23844661690632135,3,0.14175130918216497,0.2778325659970433,0.2182579471715745,0.427785576456286,0.1344193580071655,0.2634619416940444,1.9615884057194044,3.8447132752100326,,,,,0.5326318826945806,1.043958490081378,0.15078241457710712,0.29553353257112996,0.02498667085636534,0.04897387487847606,,,0.13766721845822022,0.2698277481781116
4-8,5,Ridge_full64,Full ridge,-18593.99620805332,30693.279292053074,3,-2018.1898412970543,3396.7837017603797,3,-35169.80257480959,57990.03788078868,3,400.39688699986255,513.9511636085847,3,294.49138090711114,375.24677453850785,3,269.8423580022018,352.84848030094577,3,-257311.5229276761,419842.30395916547,3,-327.24125292681674,430.3031852499616,3,0.8133153887259018,0.062493557232236985,3,0.14802021156663628,0.09447551766163512,3,85.54225904904588,111.79634830842848,3,17720.77306157921,34732.71520069525,1961.1339845902887,3843.822609796966,33480.56398078994,65621.90540234829,296.72984265973776,581.590491613086,216.6488262923463,424.63169953299877,203.7171650849014,399.28564356640675,242396.06720801687,475096.2917277131,248.43565983721874,486.9338932809487,0.03608067209064931,0.07071811729767265,0.05454546555377428,0.10690911248539758,64.54565179028835,126.50947750896516
4-8,10,FixedTerm_cross15to24_RIDGE,15-24 FixedTerm,0.19050262707727442,0.3804999325736145,3,0.8311832499496165,0.08654153011122613,3,-0.45017799579506773,0.6792088096459694,3,4.120756409766916,1.6092011704446703,3,3.3346355275960846,1.5795576533277105,3,2.3901162381595142,0.5628512316743449,3,-3.0534390177462956,2.70535837301331,3,0.18272926300967848,1.0716458754694986,3,0.9374496545360023,0.012601148669787073,3,0.8802058019500373,0.11373463650327988,3,0.7243878669672702,0.4674017700947027,3,0.2196817384980108,0.43057620745610115,0.04996477570579851,0.09793096038336509,0.39214138908506574,0.7685971226067289,0.9290727289364913,1.820982548715523,0.9119580363492873,1.7874377512446031,0.3249623101208955,0.6369261278369551,1.5619393849136425,3.061401194430739,0.6187150346782673,1.2126814679694038,0.007275276576600062,0.01425954209013612,0.06566472300135287,0.1287028570826516,0.2698545377838842,0.528914894056413
4-8,10,FixedTerm_crossPrev_RIDGE,Prev-stage FixedTerm,0.09089810794226906,0.40157108516565504,3,0.6349289531383189,0.29349151561186115,3,-0.4531327372537808,0.5251547848596448,3,4.423029307845778,1.2061765258241357,3,3.7161747751500323,1.1877137700851463,3,2.3833270026829356,0.3920157613219496,3,-2.976542604526479,1.3575792485657145,3,0.04214441161887309,0.5847352996943257,3,0.9434095035668625,0.016047831292160357,3,0.9055466220142104,0.051658790351169756,3,0.588201120229443,0.1700214770376194,3,0.2318471741191611,0.45442046127355573,0.1694474055433793,0.3321169148650234,0.303198256404936,0.5942685825536745,0.6963863418747723,1.3649172300745538,0.6857268648788846,1.3440246551626138,0.2263304053258037,0.4436075944385752,0.7837987446056652,1.5362455394271037,0.33759708268319544,0.661690282059063,0.009265219716438483,0.018159830644219426,0.029825216515258303,0.05845742436990627,0.09816194553568734,0.1923974132499472
4-8,10,FixedTerm_sameStage_RIDGE,Same-stage FixedTerm,-44.384426941408464,69.74901132768571,3,0.9554703788462842,0.008586369190154567,3,-89.72432426166323,139.50458628237607,3,12.640159071781028,17.25979527203367,3,2.0833215724557497,0.43290435336477917,3,11.853759942885508,17.891220706159803,3,-565.0066952434912,977.3967890718293,3,-12.48813462945914,22.954191964796234,3,0.9646148521038569,0.019840181015398632,3,0.6879804243837769,0.4862049225307026,3,1.4970611739358801,2.0928179250177132,3,40.2696104657496,78.92843651286921,0.004957342563297249,0.009716391424062608,80.5430104433172,157.86430046890172,9.96494744646647,19.53129699507428,0.24993744494851614,0.4898773920990916,10.32950109083237,20.245822138031443,564.3002992756966,1106.0285865803653,13.252608909905451,25.975113463414683,0.011454733850011304,0.022451278346022157,0.28071054290442227,0.5501926640926676,1.208288992373851,2.3682464250527477
4-8,10,FixedTerm_unionAllStages_RIDGE,Union FixedTerm,-97.51193012313225,142.59374881056766,3,0.834728975228045,0.15307095942479637,3,-195.8585892214925,285.03565187457707,3,17.859660049924717,25.45615065092292,3,3.5438262258294775,1.7600335788206458,3,16.872756796020447,26.02875590740799,3,-1188.043408456402,2054.940372659306,3,-18.756025275673135,33.43122312625427,3,0.9568893793485674,0.021107694305847052,3,0.6673230431193432,0.48191220694863146,3,2.126438711709173,3.245280162908057,3,82.32653926053912,161.36001695065667,0.08837555962902047,0.17321609687288012,164.56541033842754,322.548204263318,14.697115430842015,28.80634624445035,1.0161558605148804,1.9916654866091654,15.027709229813066,29.45431009043361,1186.4203773234801,2325.383939554021,19.301525671281343,37.83099031571143,0.012186532989453127,0.023885604659328128,0.278232142407559,0.5453349991188157,1.8736633756507193,3.6723802162754096
4-8,10,LinearRegression_full64,Full linear,-14.243668809420157,18.635586546289943,3,-0.38146028921835723,1.3030088393294394,3,-28.10587732962196,35.988175575053226,3,16.055072932924332,14.432111768019368,3,13.11197287849672,12.883727938587313,3,9.13873976597705,6.766303192757576,3,-157.76468287405956,212.21857551254064,3,-8.254079084330838,8.21838156074018,3,0.8839101762176775,0.039345140597496234,3,0.6106480162503326,0.2628394777946293,3,3.266364508821146,2.1002675209550423,3,10.759260909007068,21.08815138165385,0.7522925041433137,1.4744933081208949,20.777782855900497,40.724454397564976,8.332383614240749,16.331471883911867,7.438423793509288,14.579310635278205,3.906526969757211,7.656792860724133,122.52445169920426,240.14792533044036,4.7448848063964,9.299974220536944,0.022715927515268124,0.04452321792992552,0.1517504432583899,0.2974308687864442,1.2125900185936218,2.376676436443499
4-8,10,MotherCopyBaseline,Mother copy,0.38323278150307827,0.0235753134057689,3,0.8085039037619185,0.00048714213044238376,3,-0.042038340755761766,0.04761121344355293,3,3.3085073098357953,0.03248191470659127,3,2.2994625207439268,0.0028284818415960995,3,2.3786797759546086,0.04370311277921173,3,-0.3484083401466263,0.1552161260650394,3,1.5173048003210472e-15,7.050863183406403e-16,3,0.8872167570830983,0.0036457556839163876,3,0.9641186144983646,0.005648572746107394,3,0.6867602766896531,0.040958183449724225,3,0.013611213541050469,0.02667797854045892,0.00028125164014451806,0.0005512532146832554,0.027488346898080013,0.053877159920236825,0.018753442199644935,0.03675674671130407,0.0016330247526434767,0.0032007285151812144,0.02523200392750247,0.04945472769790484,0.08961407216622139,0.17564358144579392,4.0708177569589086e-16,7.978802803639461e-16,0.0021048780255087346,0.00412556092999712,0.0032612049955022876,0.006391961791184483,0.02364721824021636,0.04634854775082406
4-8,10,RandomForest_full64_quick,RF quick,0.5931387314296858,0.08491632520346389,3,0.6771042725250798,0.06265450385657093,3,0.509173190334292,0.10735287863737662,3,7.465531326340579,0.6093222635047371,3,,,0,,,0,-0.056781572455886296,0.26667850084832395,3,0.5020711389054759,0.09436372947155215,3,0.9608214652979691,0.008152800734938426,3,,,0,0.3979388270301583,0.03531235952684328,3,0.04902646321481368,0.09609186790103481,0.03617359466753367,0.07090024554836599,0.061980213379570624,0.12148121822395842,0.35179237285769205,0.6895130508010764,,,,,0.15396690425186568,0.3017751323336567,0.05448092461213766,0.10678261223978981,0.004707021698966079,0.009225762529973515,,,0.020387600278543815,0.039959696545945875
4-8,10,Ridge_full64,Full ridge,-48.98299186913536,81.98245350886651,3,-10.79761297122335,19.122813130657395,3,-87.16837076704739,144.84242283691188,3,18.921920169621952,17.87763995762754,3,13.570017281713646,10.035441878599237,3,11.640468717459422,16.627979120503458,3,-512.5095992296145,884.7619620471896,3,-11.96808439290381,21.61199850421704,3,0.9537672327032979,0.0085249776089092,3,0.5912748720530184,0.38486520954633907,3,1.6843072783573791,2.521735914478647,3,47.33259160217006,92.77187954025332,11.040561308647957,21.639500164949997,83.62481181496868,163.9046311573386,10.32166024201147,20.230454074342482,5.793965070046113,11.35617153729038,9.600168221302148,18.81632971375221,510.8175569566864,1001.2024116351054,12.4776931541355,24.45627858210558,0.004921898117339259,0.009646920309984947,0.2222020323333006,0.4355159833732692,1.455924909049394,2.853612821736812
4-8,20,FixedTerm_cross15to24_RIDGE,15-24 FixedTerm,0.5946458450983338,0.03445583278940592,3,0.9193144672690673,0.019467833864170073,3,0.2699772229276004,0.04979301091479248,3,2.336827787536352,0.06733183090970264,3,1.5675233508201183,0.0881430661124414,3,1.7318943026376548,0.05504127487952276,3,-0.6947616133188216,0.46476371763944846,3,0.8150777236141044,0.07506884353830628,3,0.9555681635886083,0.005099428453487506,3,0.9780432040985235,0.004099202357117946,3,0.3279812258429377,0.14058941430052838,3,0.019893084336116244,0.03899044529878784,0.011239759122017504,0.022029927879154306,0.02874800825541741,0.05634609618061812,0.03887405070074719,0.07619313937346449,0.050889422947217024,0.09974326897654537,0.03177809486823265,0.062285065941735995,0.2683314574887068,0.5259296566778653,0.04334101702459504,0.08494839336820627,0.0029441563903342487,0.0057705465250551275,0.0023666755843447947,0.004638684145315797,0.08116933619162188,0.15909189893557887
4-8,20,FixedTerm_crossPrev_RIDGE,Prev-stage FixedTerm,0.5505218611478561,0.026172178090819623,3,0.8428051550283762,0.02321360714839167,3,0.25823856726733607,0.041805814190349865,3,2.8978751314547075,0.3031770739998247,3,2.271084866297874,0.385570413091991,3,1.7891390020042477,0.038793728522091134,3,-0.7067249134184275,0.1789670787030205,3,0.8737774458248674,0.08645095797062072,3,0.95687986106742,0.0029868440156750843,3,0.9683213526361198,0.007786447966129634,3,0.25567104990569467,0.11174284749180301,3,0.015110514066013537,0.02961660756938653,0.013402382335986153,0.02626866937853286,0.024136598076489973,0.047307732229920345,0.17503936528592187,0.3430771559604069,0.22260918179021624,0.43631399630882384,0.02239756960509858,0.04389923642599322,0.10332669106526983,0.20252031448792887,0.0499124838560389,0.09782846835783625,0.0017244551964774328,0.003379932185095768,0.004495507829275959,0.00881119534538088,0.06451476307940777,0.12644893563563925
4-8,20,FixedTerm_sameStage_RIDGE,Same-stage FixedTerm,-0.052683499681627145,0.9611421499020147,3,0.9686393767876799,0.0032769231023273516,3,-1.074006376150934,1.9194928060945273,3,3.025536062171598,1.3685536838810997,3,1.4116948732025838,0.09328516945554413,3,2.6031531524701994,1.56240411952619,3,-9.303161750638674,12.289187173549985,3,-0.9774719190687473,1.8354208041697146,3,0.9796487988837314,0.0036123498236872035,3,0.8331253923206643,0.20438384904438553,3,0.4692293791463397,0.18940707813729057,3,0.5549156789754239,1.0876347307918308,0.0018919324352424,0.0037081875730751042,1.1082196883062256,2.1721105890802024,0.7901348377892069,1.5486642820668455,0.05385821769655826,0.10556210668525419,0.902054438991426,1.7680267004231949,7.09516552277078,13.906524424630728,1.0596806953636242,2.076974162912703,0.0020855911431129043,0.004087758640501292,0.11800107026378782,0.23128209771702413,0.1093542275489852,0.21433428599601098
4-8,20,FixedTerm_unionAllStages_RIDGE,Union FixedTerm,-0.18873654934392906,1.1783430179621706,3,0.9442731310224254,0.02187653765204136,3,-1.3217462297102833,2.3503597707554302,3,3.2279748259292695,1.486756525695744,3,1.5548584747140868,0.43315007564331337,3,2.708360700208475,1.7387795592549347,3,-10.365366671620789,14.965979456218934,3,-0.955906818388176,2.2002348491503216,3,0.9761585794360799,0.004109962371305101,3,0.8252682139954262,0.20405930807874023,3,0.40265055523693505,0.21629379824653985,3,0.6803166586181753,1.3334206508916235,0.012630424902343063,0.0247556328085924,1.3569808463381148,2.659682458822705,0.8583792803298707,1.6824233894465463,0.25007931277217377,0.4901554530334606,1.0038848465972554,1.9676142993306205,8.640612267734411,16.935600044759447,1.2703061824373338,2.4898001175771745,0.002372887881432233,0.004650860247607177,0.11781369644990945,0.23091484504182253,0.12487728264168639,0.2447594739777053
4-8,20,LinearRegression_full64,Full linear,-18542.07387395758,31981.87454793231,3,-1539.1122066686983,2632.26991971549,3,-35545.03554124646,61331.51825290821,3,232.29227960283757,369.28823037000154,3,70.87200915598221,101.05324121103425,3,219.99411225241147,356.33020867431065,3,-217323.18914988873,375586.0082069437,3,-255.24416803457817,416.44200405234545,3,0.7968717611520733,0.11115903550548036,3,0.4251087128367565,0.4080255353518067,3,89.00322817086207,145.78418242617934,3,18464.743879437563,36190.89800369762,1519.7417467274927,2978.6938235858856,35409.768573125,69403.14640332501,213.20865921268094,417.88897205685464,58.34311601567481,114.35250739072262,205.7273418985088,403.22559012107723,216844.68294213596,425015.5785665865,240.43290314148888,471.2484901573182,0.06417769907194826,0.12578829018101859,0.23557365267160676,0.46172435923634925,84.16853696734415,164.97033245599454
4-8,20,MotherCopyBaseline,Mother copy,0.3628416141631828,0.03601883755630611,3,0.8082890586604424,0.0006705520542774133,3,-0.08260583033407683,0.07137457434377796,3,3.3658380083062345,0.06797426710222951,3,2.300406903172828,0.003974736421417949,3,2.4563995634761366,0.09616052350291629,3,-0.35929562057566783,0.21553597085023882,3,3.7007434154171876e-16,6.409875621278545e-16,3,0.8775946159995037,0.01096511194316805,3,0.9628382046118823,0.006415225431934443,3,0.692662966945551,0.060187386768104485,3,0.020795485559030737,0.04075915169570025,0.00038714340904272114,0.0007588010817237334,0.04120812971067517,0.08076793423292333,0.039244961409439734,0.07692012436250188,0.0022948151428634628,0.004497837680012387,0.05551830412982406,0.10881587609445516,0.12443975079043272,0.24390191154924812,3.700743415417188e-16,7.253457094217688e-16,0.006330710332082454,0.01240819225088161,0.003703832130039484,0.007259510974877389,0.034749203952385246,0.06810843974667508
4-8,20,RandomForest_full64_quick,RF quick,0.6813092810592593,0.10051108998500041,3,0.7824259987780496,0.10630864472730099,3,0.5801925633404688,0.09657036405686481,3,5.6243927666376194,2.4288994994711537,3,,,0,,,0,0.0695325416921569,0.20868452329469211,3,0.4425518137903577,0.16132725460743605,3,0.9648030014435158,0.015899720479460776,3,,,0,0.4183072300443261,0.15106709646696528,3,0.05803010485938269,0.11373900552439006,0.06137732465049152,0.12029955631496338,0.055754925683971064,0.10927965434058329,1.402325779854218,2.748558528514267,,,,,0.12048406569989922,0.23614876877180246,0.0931423338752265,0.18255897439544394,0.009179707898856485,0.01799222748175871,,,0.08721862881089758,0.17094851246935924
4-8,20,Ridge_full64,Full ridge,0.31287833238534274,0.2526974562633185,3,0.9179509681014905,0.02732825439559915,3,-0.29219430333080526,0.483047807966027,3,3.4369559791869384,1.1449450911195975,3,2.679469190859207,1.1310329829095616,3,2.107799168811406,0.5631203568902587,3,-3.337462929552404,2.8727758319605323,3,-0.023742094719726853,0.7556640681675536,3,0.9747971073384799,0.0064047364024163,3,0.9155565499912234,0.05603972279626076,3,0.3498674555737263,0.13163402569759944,3,0.14589494439716064,0.28595409101843483,0.015777975031781744,0.030924831062292216,0.27888778196064434,0.546620052642863,0.6610343565652402,1.2956273388678707,0.6530021971451808,1.2798843064045544,0.32511768963674903,0.637230671688028,1.6585978999038646,3.2508518838115745,0.4362828531734648,0.8551143922199911,0.0036977762860236464,0.007247641520606347,0.03235454904173316,0.06341491612179699,0.07599894017102315,0.1489579227352054
4-8,40,FixedTerm_cross15to24_RIDGE,15-24 FixedTerm,0.7202739194097818,0.010094578108669289,3,0.9568340309389883,0.0020398278826917462,3,0.48371380788057533,0.019064264069348726,3,1.9488246397976028,0.0380446874166827,3,1.273739808000675,0.03551376293608873,3,1.4748560584071833,0.025340652067057417,3,-0.20461971050296499,0.09760505761709196,3,0.8955635720935291,0.01259821403683552,3,0.9693591616182116,0.0025347848328736,3,0.984577599496775,0.0018104240198284624,3,0.21909461718084425,0.04816821135677932,3,0.005828107388395918,0.011423090481255999,0.0011776951771725842,0.002308282547258265,0.011006757992340598,0.02157324566498757,0.02196511052125693,0.04305161662166358,0.020503880591087386,0.040187605958531276,0.014630432292356247,0.028675647293018244,0.05635230628949698,0.11045052032741408,0.00727358226547551,0.014256221240332,0.0014634587055973535,0.002868379062970813,0.0010452487951953273,0.0020486876385828415,0.027809929793219328,0.05450746239470988
4-8,40,FixedTerm_crossPrev_RIDGE,Prev-stage FixedTerm,0.6639561195714102,0.008266733822997162,3,0.9201343218727188,0.003264502033334606,3,0.40777791727010143,0.019286436404839694,3,2.3365527517006295,0.058897847332114645,3,1.7045669270055663,0.09410590357158778,3,1.5969181712462301,0.01694391060543229,3,-0.7143828010715397,0.1315404458017933,3,0.8889556805478541,0.0544360379173966,3,0.9688702756617298,0.001986068118710465,3,0.9759629109724189,0.000306569255636523,3,0.288895190995691,0.15564057615779994,3,0.004772800998026396,0.009354689956131736,0.0018847611277158156,0.0036941318103229986,0.011135029250042797,0.02182465733008388,0.03400468801188587,0.0666491885032963,0.054332068759389174,0.10649085476840278,0.009782571349171288,0.019173839844375724,0.07594491179298875,0.14885202711425793,0.031428661145225606,0.06160017584464219,0.0011466569629664208,0.002247447647414185,0.00017699784226700974,0.0003469157708433391,0.08985912854153426,0.17612389194140715
4-8,40,FixedTerm_sameStage_RIDGE,Same-stage FixedTerm,0.8602993293287732,0.0050350081019427985,3,0.9761971118905697,0.002811853880983831,3,0.7444015467669765,0.009893870517540752,3,1.5992051784184425,0.04775884656782771,3,1.1709608225050725,0.07581269170034396,3,1.0878632873317577,0.028731125528947642,3,0.31973356622222954,0.07332605319036756,3,0.6262323234787246,0.06457378011028979,3,0.9858210103784469,0.0005743796344732018,3,0.9883856112856692,0.003873719967733585,3,0.264328749873821,0.03171483417868955,3,0.0029069632830286216,0.005697648034736098,0.001623424595107909,0.0031819122064115015,0.005712228806629456,0.011195968460993733,0.027573582922121365,0.054044222527357876,0.0437704779611837,0.08579013680392004,0.01658792305825885,0.032512329194187346,0.04233481654807153,0.0829762404342202,0.037281689329267516,0.07307211108536434,0.0003316182365801419,0.0006499717436970782,0.0022364932661362137,0.004383526801626979,0.018310568050370755,0.03588871337872668
4-8,40,FixedTerm_unionAllStages_RIDGE,Union FixedTerm,0.8259526685480657,0.009657572811751473,3,0.9743838299641023,0.0030411311786930077,3,0.677521507132029,0.01733600663898206,3,1.6203176747098373,0.023286628609963493,3,1.0911902915830438,0.01954766011010373,3,1.197750162356113,0.018752352335229452,3,0.13312646898240285,0.03040861701238731,3,0.7977873781722006,0.08762455849463661,3,0.9835105689608418,0.0006327853608505028,3,0.9864573077663294,0.0028441378697204207,3,0.15491730406251603,0.02376491316519146,3,0.005575802262583124,0.010928572434662923,0.001755797904659372,0.003441363893132369,0.010008948099689432,0.019617538275391287,0.013444541296481264,0.026351300941103276,0.011285846826595699,0.02212025978012757,0.010826675668683432,0.021220284310619526,0.017556423217786048,0.034410589506860656,0.05059006243450056,0.09915652237162109,0.00036533879842629225,0.0007160640449155328,0.0016420637646954938,0.003218444978803168,0.013720679013191371,0.026892530865855087
4-8,40,LinearRegression_full64,Full linear,-77.55521692708028,84.85035910386281,3,-3.0025006586543235,2.4115224670088105,3,-152.1079331955062,167.30030198364662,3,25.758786182312253,10.744240792922993,3,19.201564408550542,7.925209311408531,3,16.931726923713907,8.051533234943234,3,-501.6865791622663,458.323025213431,3,-17.425707867485,10.087154839660672,3,0.8050151242051166,0.015559227022103743,3,0.24289209577532778,0.07032854365396024,3,6.408042638402812,3.209112360322986,3,48.98837766945161,96.01722023212515,1.3922931454843672,2.7288945651493597,96.59087438576407,189.31811379609758,6.203190314032248,12.158253015503206,4.575621729325844,8.968218589478655,4.648554880583695,9.111167565944042,264.612921982778,518.6413270862449,5.823821562035525,11.41469026158963,0.008983123909594095,0.017606922862804426,0.04060420361032829,0.07958423907624346,1.8527818850922313,3.631452494780773
4-8,40,MotherCopyBaseline,Mother copy,0.3884066052888595,0.0026823580598332045,3,0.8087962234616661,0.0014168779799859448,3,-0.031983012883947,0.005013692322596179,3,3.3036723907181287,0.009126107928876142,3,2.2989984357750277,0.0029022734029335623,3,2.3725158498158456,0.010670635395265535,3,-0.3053605178868037,0.23867863455280117,3,1.1472304587793285e-15,1.1661746573290983e-15,3,0.8854309804774975,0.0015239684779029636,3,0.9611534380793975,0.002500284611067121,3,0.6779421056042544,0.0633535598687498,3,0.001548660147907663,0.0030353738898990196,0.0008180348831537384,0.0016033483709813274,0.0028946566120848644,0.005673526959686334,0.005268960869390219,0.010327163304004829,0.0016756283304455834,0.0032842315276733433,0.006160694217880906,0.012074960667046575,0.1378011739088721,0.2700903008613893,6.732912523310745e-16,1.319650854568906e-15,0.0008798636109537803,0.0017245326774694095,0.0014435399932502813,0.002829338386770551,0.03657719484434377,0.07169130189491378
4-8,40,RandomForest_full64_quick,RF quick,0.819102958576274,0.034289425725715764,3,0.9322200724267543,0.016775261108010336,3,0.7059858447257937,0.05377449039394196,3,2.9044072915549966,0.3620978230507528,3,,,0,,,0,0.26901004576742676,0.06494167290387709,3,0.4344962794312825,0.09781819419849974,3,0.9794093898225199,0.007655402132211784,3,,,0,0.38295108385971993,0.048522396072148116,3,0.019797009173099678,0.03880213797927537,0.009685201516436029,0.018982994972214614,0.031046716504477337,0.06085156434877558,0.2090572756113296,0.40975226019820604,,,,,0.037494092332678065,0.07348842097204901,0.056475360752146916,0.11069170707420796,0.0044198484817873085,0.008662903024303125,,,0.028014418433980358,0.0549082601306015
4-8,40,Ridge_full64,Full ridge,0.7652527598526335,0.03346555196612847,3,0.968860682894524,0.0058188197793656365,3,0.5616448368107428,0.06305588437842383,3,1.7942328135810854,0.08762362635068455,3,1.1833477448188254,0.1426843617392503,3,1.3452421888263772,0.035263425206312815,3,-0.18283944041145142,0.09575220388518343,3,0.8890704508668756,0.06455514313258331,3,0.9797625286715647,0.0008374322453299821,3,0.9838843985548434,0.003835630813191992,3,0.14559249762670437,0.01662461162251425,3,0.019321345436223686,0.037869837054998426,0.0033594971659826694,0.006584614445326032,0.03640533181987292,0.07135445036695091,0.05058952426093891,0.09915546755144027,0.08237885465930611,0.16146255513223998,0.02035934803541294,0.03990432214940936,0.05528256068861059,0.10835381894967674,0.0372709292651718,0.07305102135973673,0.0004834917322693379,0.0009476437952479022,0.00221450248250842,0.0043404248657165035,0.009598223995431584,0.018812519031045905
4-8,80,FixedTerm_cross15to24_RIDGE,15-24 FixedTerm,0.7212646383099092,0.011504575298139273,3,0.956445787642129,0.0010232811538191226,3,0.48608348897768944,0.022085999417871323,3,1.9229842383449733,0.02530837850680229,3,1.2392082427018938,0.022726350560408778,3,1.4704247352890285,0.015736645209726535,3,-0.16602150827826273,0.13684532489451073,3,0.9285103478113504,0.03671332459872912,3,0.9703905112317176,0.0020532739593121588,3,0.9835858879946047,0.003141417544116591,3,0.21078712012629067,0.03706216952773246,3,0.006642169645293029,0.013018652504774337,0.0005907916496141414,0.001157951633243717,0.012751357709229926,0.024992661110090655,0.014611799143655242,0.028639126321564273,0.013121064613749811,0.02571728664294963,0.009085556347977251,0.017807690442035413,0.07900768516518757,0.15485506292376763,0.021196447839922368,0.04154503776624784,0.0011854582731289237,0.0023234982153326903,0.001813698264732727,0.0035548485988761446,0.021397853553587882,0.041939792965032245
4-8,80,FixedTerm_crossPrev_RIDGE,Prev-stage FixedTerm,0.7008712933524116,0.01029828814454037,3,0.919490224264908,0.00923426557050215,3,0.4822523624399156,0.012971362158932834,3,2.164945883160654,0.02065025858796004,3,1.5539098388471715,0.02110530981161761,3,1.5073885413550545,0.013528184913731827,3,-0.4933624713734865,0.014031083808511298,3,0.9414758821610075,0.022088949416913993,3,0.9724648294916737,0.0002664565017657067,3,0.9781205165298928,0.00028348582765828955,3,0.30268967465209634,0.08206638038528177,3,0.005945719432442715,0.01165361008758772,0.005331405712897909,0.010449555197279902,0.007489019434215998,0.014678478091063355,0.011922432354594111,0.023367967415004458,0.012185156301067876,0.023882906350093037,0.007810501201590105,0.015308582355116606,0.008100850013866198,0.015877666027177748,0.012753060891971322,0.02499599934826379,0.00015383873302175676,0.00030152391672264326,0.00016367061890995734,0.0003207944130635164,0.04738104680686066,0.09286685174144689
4-8,80,FixedTerm_sameStage_RIDGE,Same-stage FixedTerm,0.8530460820126544,0.026728445582068223,3,0.9786672173190923,0.0008510442300787848,3,0.7274249467062163,0.05330631912424848,3,1.467622978519267,0.018203220703378587,3,0.9950801268580408,0.02476468868623114,3,1.078582612726706,0.01750745665776648,3,0.36103744768332585,0.023104957531184245,3,0.6492110482447315,0.04774103727009355,3,0.9858923168895357,0.0003978680535916547,3,0.9901982647683859,0.0005246072744441678,3,0.27517129820742364,0.046912621050199874,3,0.015431675251827353,0.03024608349358161,0.0004913506153282642,0.0009630472060433979,0.030776417695892955,0.06032177868395019,0.010509634373213797,0.02059888337149904,0.01429789967939283,0.028023883371609944,0.010107934814187184,0.01981155223580688,0.013339653450244095,0.026145720762478425,0.02756330071928047,0.054024069409789724,0.0002297092278430943,0.00045023008657246483,0.0003028821511191762,0.0005936490161935853,0.027085014391723804,0.05308662820777865
4-8,80,FixedTerm_unionAllStages_RIDGE,Union FixedTerm,0.8473104178930813,0.021592552856292586,3,0.9781671662107602,0.0003012625546432769,3,0.7164536695754024,0.04297709337278233,3,1.4375303410629916,0.04011752710439923,3,0.8962416021611821,0.026805420137377224,3,1.1238444717829223,0.03489983302300531,3,0.32692147799740034,0.03730060974080742,3,0.7366387989274038,0.0199869870328307,3,0.9848129704439971,0.0008877743318372504,3,0.9893899134318552,0.001334510802616078,3,0.2179938261028133,0.044464699555581,3,0.012466466204071748,0.024434273759980626,0.00017393401702005026,0.00034091067335929854,0.02481283642776356,0.04863315939841657,0.023161865072947006,0.045397255542976134,0.015476116532055757,0.030333188402829284,0.02014942799050511,0.03949287886139002,0.021535517074792343,0.04220961346659299,0.011539492343694365,0.022617404993640955,0.0005125567494658767,0.0010046112289531183,0.0007704801711268563,0.0015101411354086383,0.025671706257850525,0.05031654426538703
4-8,80,LinearRegression_full64,Full linear,-9.02061533738458,7.8248014213826576,3,0.13953568178398734,0.7516089138161691,3,-18.180766356553146,14.912793577440812,3,8.838437290749381,5.04183320816795,3,5.434492943263366,3.0803901161190184,3,6.968237204748974,3.996645406741077,3,-78.31707082660408,95.55849599463163,3,-5.805219893743902,5.288819079171612,3,0.9207699839892646,0.005321991917657446,3,0.6856317362236372,0.2510631234028167,3,1.4480186115606475,0.6362533311449586,3,4.517651206990644,8.854596365701662,0.4339416087170875,0.8505255530854915,8.609905386304776,16.87541455715736,2.9109037599449605,5.705371369492123,1.7784640627503778,3.4857895629907403,2.307464301437442,4.522630030817386,55.17072338585635,108.13461783627844,3.053501119054959,5.98486219334772,0.0030726534662845395,0.006022400793917697,0.14495136188020447,0.28410466928520073,0.367341032009338,0.7199884227383024
4-8,80,MotherCopyBaseline,Mother copy,0.40083915137041304,0.002470206571393676,3,0.8088155188341144,0.0009518845915397938,3,-0.0071372160932883,0.004881091110945523,3,3.2882042901681032,0.004819787202903207,3,2.3053955225384164,0.007785001744838818,3,2.3446509123762467,0.006259436554730218,3,-0.5736917633838089,0.09220586143623903,3,1.1102230246251565e-15,1.1102230246251565e-15,3,0.890324910624213,0.0006043739245846766,3,0.9645930232032432,0.005056159155255801,3,0.7548769945554,0.028282622031354343,3,0.0014261744289481213,0.002795301880738318,0.0005495708251629569,0.0010771588173193955,0.0028180992668434875,0.005523474563013235,0.0027827054390328803,0.005454102660504445,0.004494672853024398,0.00880955879192782,0.003613887379848875,0.007083219264503795,0.053235078921073944,0.10434075468530493,6.409875621278547e-16,1.2563356217705952e-15,0.0003489354480501536,0.0006839134781783011,0.0029191748493525276,0.005721582704730954,0.01632897944319087,0.0320047997086541
4-8,80,RandomForest_full64_quick,RF quick,0.8665149932161117,0.006199170958268106,3,0.9773947831557495,0.0012423045090517299,3,0.755635203276474,0.011193401068323325,3,1.5539696061532606,0.12503207754552706,3,,,0,,,0,0.34989062321227826,0.06640545394275023,3,0.5381851047322886,0.08314848784425309,3,0.985955320240605,0.0007211921762678471,3,,,0,0.32019656376824623,0.04890460546247648,3,0.0035790930215086015,0.007015022322156859,0.0007172448427165022,0.0014057998917243442,0.006462513119943916,0.012666525715090075,0.07218730362824821,0.1414871151113665,,,,,0.03833920670950614,0.07514484515063204,0.04800580183958985,0.09409137160559611,0.00041638049710569357,0.0008161057743271594,,,0.028235087128373238,0.05534077077161154
4-8,80,Ridge_full64,Full ridge,0.7887673006134025,0.02391949707780424,3,0.9397519610607742,0.019873834364774672,3,0.637782640166031,0.03046105730557344,3,1.6790758042681706,0.13971044636899377,3,1.1318896897075994,0.1811420937430281,3,1.2364074116324821,0.02887125920482224,3,0.21740605591028125,0.05025936979116057,3,0.8691088499882502,0.03739651919484459,3,0.982218597250773,0.0008907812026758651,3,0.9829385354604402,0.009191952714250351,3,0.17818238832489,0.030682017782466372,3,0.013809928076750745,0.02706745903043146,0.011474163620332692,0.022489360695852077,0.017586699635173442,0.03446993128493995,0.08066186381974133,0.158097253086693,0.10458243658410969,0.20498157570485498,0.01666882927374758,0.03267090537654525,0.029017260678227505,0.05687383092932591,0.021590890423898532,0.042318145230841125,0.0005142927671539693,0.0010080138236217798,0.005306976373950752,0.010401673692943474,0.017714271225987847,0.034719971602936175
8-12,5,FixedTerm_cross15to24_RIDGE,15-24 FixedTerm,-37.480961775935036,65.30073668345598,3,-13.712696117689624,25.27552679868838,3,-61.24922743418045,105.3259553264756,3,22.484478066128148,31.76661692057473,3,21.41417951250969,32.032542170500676,3,5.116596401405847,3.7738387802916806,3,-21.324265253946916,26.012304048259505,3,-1.3883261591781713,2.7647840558277164,3,0.8851720025640133,0.12605271482271918,3,0.7986495337211582,0.2167325922294243,3,2.0806039850266207,1.3393661508777774,3,37.701397902474184,73.8947398888494,14.592832201132337,28.60195111421938,60.809968660395185,119.18753857437456,18.34046483033754,35.947311067461584,18.493996844966606,36.248233816134544,2.1788268356796507,4.270500597932116,15.018210744505017,29.435693059229834,1.5962488188833175,3.1286476850113023,0.07277656883498006,0.14264207491656092,0.12513062046582352,0.2452560161130141,0.7732834077527577,1.5156354791954052
8-12,5,FixedTerm_crossPrev_RIDGE,Prev-stage FixedTerm,-17.694344424393407,15.225113568095306,3,-14.350587875712662,25.565462447585645,3,-21.03810097307414,14.242725782177153,3,24.543478459489602,30.382006156220083,3,23.752255432306114,30.05106148622774,3,5.759569434581867,5.249770154470751,3,-33.5023319586429,55.30294835527024,3,-1.9209074860092563,4.260326448594505,3,0.8546104390107404,0.10252191192417971,3,0.7689684431761519,0.20445643741547145,3,1.8920543814590658,2.349163209929686,3,8.79022341698245,17.2288378972856,14.760226626070843,28.93004418709885,8.223041564334004,16.117161466094647,17.54105943281453,34.38047648831648,17.349988438507584,34.00597733947486,3.0309562118673514,5.940674175260009,31.929172119895245,62.58117735499468,2.4597006219317197,4.82101321898617,0.059191053447260264,0.11601446475663012,0.11804297917937433,0.23136423919157367,1.3562900116232697,2.6583284227816084
8-12,5,FixedTerm_sameStage_RIDGE,Same-stage FixedTerm,-3.38131117626027,6.814095437402819,3,0.7915507920610058,0.24395160188163342,3,-7.554173144581546,13.384462096299611,3,4.5363900214874935,1.9294316359362966,3,3.6111896230154943,1.928430392873667,3,2.6840192121606834,0.7107319193874779,3,-1.8693505118735272,0.8003182833947979,3,0.756502560761203,0.2000143287556695,3,0.9220501295176895,0.06214612319938377,3,0.8939438033855058,0.060185461541395376,3,0.6989817615700874,0.0949675758709259,3,3.9341198350683184,7.710874876733904,0.1408455230156015,0.2760572251105789,7.727522794256924,15.14594467674357,1.113957874390801,2.18335743380597,1.1133798064390674,2.1822244206205723,0.4103412649800198,0.8042688793608388,0.46206397635536584,0.905645393656517,0.1154783265488681,0.22633752003578148,0.03588008095825587,0.0703249586781815,0.03474809242222649,0.06810626114756392,0.05482955549336528,0.10746592876699596
8-12,5,FixedTerm_unionAllStages_RIDGE,Union FixedTerm,-3.6590856986300184,4.933835914628348,3,-0.05383114484249418,0.8681292021518331,3,-7.264340252417544,9.018921850579083,3,9.492815935897298,3.823991699572243,3,8.444096506595104,4.159806529627001,3,4.11336323494667,0.39429604455864486,3,-7.964371237568234,5.788358673380142,3,-0.50647772323063,1.1214174396359098,3,0.8726630146740554,0.10808093409650456,3,0.7772952370719057,0.06664184723956383,3,1.037903543791143,0.7328682459665031,3,2.8485514934481206,5.583160927158317,0.5012146285537359,0.9823806719653223,5.207076958232032,10.205870838134784,2.2077826371269293,4.327253968768781,2.401665419656912,4.707264222527547,0.2276469274663383,0.4461879778340231,3.3419104382421305,6.550144458954576,0.6474506606477335,1.2690032948695575,0.062400556394883115,0.1223050905339709,0.0384756884430561,0.07541234934838996,0.4231216790892895,0.8293184910150074
8-12,5,LinearRegression_full64,Full linear,-5668.030038694332,9812.73894003311,3,-1327.6975565797852,2297.329232751249,3,-10008.362520808878,17328.14865040835,3,330.09180319300424,544.6409913041507,3,293.27676779096595,482.57234083022655,3,151.31348025011212,252.66201798102048,3,-77542.18361197141,134262.6753022195,3,-140.19177659104182,237.82235444313312,3,0.8626994729466967,0.04303930547011824,3,0.33821508319300664,0.0711313073694612,3,75.72312577834508,127.350118616422,3,5665.38746851564,11104.159438290653,1326.36365094613,2599.672755854415,10004.411287871113,19608.64612422738,314.44862294115603,616.3193009646658,278.61327088179917,546.0820109283263,145.87448409533624,285.91398882685905,77516.59172785575,151932.51978659726,137.3068003570535,269.12132869982486,0.024848754598907303,0.04870355901385831,0.04106767945756844,0.08049265173683413,73.52562526452202,144.11022551846315
8-12,5,MotherCopyBaseline,Mother copy,0.3224697794084386,0.06851648004876008,3,0.8656421470021428,0.00010225782392529414,3,-0.22070258818526559,0.1370733170492447,3,4.239852902181734,0.08605492965012486,3,3.036739065192704,0.005272781753460978,3,2.9578542224631392,0.12600781635376643,3,-0.4011096485492472,0.6538639947936142,3,6.661338147750939e-16,5.768888059150692e-16,3,0.8585232687102798,0.012065176789598387,3,0.9369170485116869,0.007084956004113979,3,0.8185789583001418,0.22169572933701348,3,0.03955800820007726,0.07753369607215142,5.903858217001393e-05,0.0001157156210532273,0.07913931649709635,0.15511306033430886,0.049683836798593894,0.09738032012524403,0.003044241964738843,0.005966714250888132,0.07275064669184397,0.1425912675160142,0.3775085534074973,0.7399167646786946,3.33066907387547e-16,6.528111384795921e-16,0.006965833067295054,0.013653032811898306,0.004090501256171861,0.008017382462096849,0.12799608901091516,0.25087233446139373
8-12,5,RandomForest_full64_quick,RF quick,0.26907317228065164,0.03532672187404524,3,0.3844996533395797,0.10853915731561292,3,0.15364669122172359,0.17547741931344074,3,8.879325331620725,0.8120195200901306,3,,,0,,,0,-0.26289490901157025,0.5285865609449178,3,0.6185046816359886,0.30216031537689836,3,0.8996128116128278,0.03842926216466602,3,,,0,0.529156408874809,0.27107783136860863,3,0.02039589238356706,0.03997594907179144,0.06266511169378426,0.12282361891981715,0.10131193527731586,0.19857139314353908,0.46881968851126765,0.9188865894820846,,,,,0.30517959325156685,0.598152002773071,0.1744523394212745,0.341926585265698,0.02218714485552863,0.04348680391683611,,,0.1565068589120062,0.30675344346753214
8-12,5,Ridge_full64,Full ridge,-45.95282116461618,78.57981700480109,3,-27.731390368042852,47.86661356699993,3,-64.17425196118954,109.29421593081334,3,38.47424354312985,49.92235311896218,3,36.173380004589085,47.027763938991455,3,12.979613783970189,16.898407964977046,3,-371.06615401850496,632.6605713111368,3,-8.881710501023854,15.277746710702806,3,0.8354516841523513,0.030891534520590777,3,0.5902234299654797,0.20918034450474904,3,5.820558384669472,8.584463043357955,3,45.36807850059344,88.92143386116314,27.635802228103206,54.16617236708228,63.101044988524166,123.67804817750736,28.822684011812367,56.49246066315224,27.151492169562893,53.216924652343266,9.756300387455614,19.122348759413004,365.26675115214726,715.9228322582086,8.820611176035184,17.288397905028962,0.017835235771143702,0.03495706211144166,0.12077032820899553,0.23670984328963124,4.956242048931109,9.714234415904974
8-12,10,FixedTerm_cross15to24_RIDGE,15-24 FixedTerm,-5.832409783767628,11.310801964963124,3,-8.556390278702228,16.42764894894658,3,-3.1084292888330296,6.195136580121478,3,18.259870794939957,26.4598756302098,3,17.53127355120127,26.256539687581313,3,4.420498316105741,4.530334164040831,3,-28.766424413021706,49.13495281846714,3,-1.4624385574136962,3.970947668940891,3,0.941562346758657,0.03816872212640464,3,0.8035119135345874,0.2554298587030166,3,1.5157935289896063,2.354612008901966,3,6.530294559222008,12.799377336075136,9.48450754282698,18.58963478394088,3.576763772199633,7.01045699351128,15.276616317825647,29.94216798293827,15.159220256613164,29.7120717029618,2.615589649127932,5.126555712290746,28.368078236361566,55.60143334326867,2.2926277056009403,4.493550302977843,0.022036721994303746,0.043191975108835344,0.14747249768125473,0.2890460954552593,1.3594358771766757,2.6644943192662844
8-12,10,FixedTerm_crossPrev_RIDGE,Prev-stage FixedTerm,-4.4032460885456395,8.662427102200732,3,-4.212731785076866,8.91692971447512,3,-4.593760392014411,8.410099658149962,3,14.099797037131433,19.13914109937881,3,12.924440000984013,18.60715562670692,3,5.164772594823694,5.264300361394124,3,-31.270713166430273,50.03168612871442,3,-1.9904419377307718,3.7861566087133722,3,0.9066299187006489,0.10976595563490556,3,0.8118160105074416,0.25433974306341556,3,1.9279911725532415,2.215484657307198,3,5.001254619291103,9.802459053810562,5.148191770997184,10.09045587115448,4.85557330154446,9.516923671027142,11.049988265784588,21.65797700093779,10.742846309932501,21.055978767467703,3.039345230745942,5.957116652262046,28.885807454424135,56.6161826106713,2.185938537234746,4.284439532980103,0.06337340403366924,0.12421187190599171,0.14684311912328324,0.28781251348163517,1.2791106632817966,2.507056900032321
8-12,10,FixedTerm_sameStage_RIDGE,Same-stage FixedTerm,0.2532886294920676,0.9762623961376611,3,0.5570820063837035,0.70394339348917,3,-0.050504747399568416,1.249028515108794,3,4.689661836831651,4.130580278540616,3,3.9631443301529257,3.7723851607065964,3,2.47215943657808,1.7587120174360995,3,-7.042417304187666,11.943027417350187,3,-0.19019132716855347,1.6936236888235525,3,0.9789251153351283,0.00441138333458641,3,0.8897972828597505,0.13914885484203285,3,0.8887180839395862,1.1126957223392993,3,0.5636453572097877,1.104744900131184,0.40642190772523096,0.7965869391414526,0.7211269494235809,1.4134088208702185,2.384791635724784,4.674191606020576,2.177987588020903,4.26885567252097,1.015392856693762,1.9901699991197734,6.895310094346212,13.514807784918576,0.9778140926482051,1.916515621590482,0.002546913355722093,0.004991950177215302,0.08033762880047583,0.15746175244893262,0.6424151748187396,1.2591337426447295
8-12,10,FixedTerm_unionAllStages_RIDGE,Union FixedTerm,-2.31086005819543,5.275760597892011,3,-2.886843987862786,6.635477158413966,3,-1.7348761285280736,3.9173217906261257,3,12.214298770824728,16.19186099658759,3,11.506068832369058,15.942792964658608,3,3.7321267483108542,3.5085284169141726,3,-20.392016819450415,34.30361858802591,3,-1.1241742394587901,3.2789655425976583,3,0.9629742833125267,0.016728687292475466,3,0.8170293514883991,0.2275154901821673,3,1.3799212225935669,2.0385805123668654,3,3.0459618013729735,5.970085130691028,3.8309945236119165,7.508749266279356,2.2616667903203806,4.432866909027946,9.348375305060847,18.32281559791926,9.20457580978012,18.040968587169036,2.025649825964849,3.970273658891104,19.805203425975012,38.81819871491102,1.8931116386822655,3.7104988118172404,0.009658312111499782,0.01893029173853957,0.13135612950148395,0.25745801382290856,1.176975007579735,2.3068710148562803
8-12,10,LinearRegression_full64,Full linear,-1332.612866493512,2304.5912755417676,3,-306.7891033403842,530.2625809532923,3,-2358.436629646639,4078.9215110323325,3,115.89281928687579,181.45286059034908,3,106.81543613823135,167.93479134058208,3,44.60372322007879,69.07402213180818,3,-5917.338035275131,10217.011161369684,3,-39.29130799328023,64.05909988100369,3,0.8056419292696475,0.0719360730128398,3,0.564685127795033,0.2496469019105535,3,22.001355500000855,34.29554061455466,3,1330.5563933061026,2607.890530879961,306.14724385456907,600.0485979549553,2354.9664323978723,4615.73420749983,104.76185790706568,205.33324149784872,96.9571969867887,190.03610609410586,39.87990527180962,78.16461433274685,5898.794144330199,11561.63652288719,36.98453856034261,72.48969557827151,0.04153231111840763,0.08140332979207895,0.14413370602041417,0.28250206380001175,19.800539605816876,38.809057627401074
8-12,10,MotherCopyBaseline,Mother copy,0.3683788986526391,0.005190983937637619,3,0.8658622677664846,6.24875917779988e-05,3,-0.12910447046120624,0.010439844568768125,3,4.1948585621786485,0.005110688803334583,3,3.0353075332947466,0.003522016861054884,3,2.8954695312257424,0.0042199127792956394,3,-0.5588498440412031,0.2654589248462832,3,6.661338147750939e-16,5.768888059150692e-16,3,0.861923883988389,0.0011678868597129709,3,0.9467940718228182,0.006977304922816955,3,0.8660086610872383,0.0939438563199437,3,0.002997015973754103,0.005874151308558041,3.6077227934039055e-05,7.071136675071654e-05,0.00602744707207613,0.011813796261269214,0.002950657556349628,0.005783288810445271,0.002033437382820438,0.0039855372703280585,0.0024363677790830793,0.004775280847002836,0.15326278171879024,0.30039505216882884,3.33066907387547e-16,6.528111384795921e-16,0.0006742797928383105,0.0013215883939630886,0.004028348875406471,0.007895563795796682,0.054238510735031026,0.1063074810406608
8-12,10,RandomForest_full64_quick,RF quick,0.5754130402540915,0.18143843892603748,3,0.6800529605489899,0.13329562179915624,3,0.47077311995919296,0.23736500499446514,3,6.924793666408955,1.9303245315961006,3,,,0,,,0,-0.045381478796355866,0.19930814075594436,3,0.7863348065248061,0.21525847194616574,3,0.9372072156898494,0.038516488459162265,3,,,0,0.4485497225252775,0.08289210926519863,3,0.10475353155529321,0.2053169218483747,0.07695826312754141,0.15083819572998117,0.13704274952975132,0.26860378907831256,1.114473387940347,2.18436784036308,,,,,0.1150706087171283,0.22553839308557147,0.1242795367234663,0.24358789197799394,0.02223750498013645,0.04358550976106744,,,0.0478577815979583,0.09380125193199827
8-12,10,Ridge_full64,Full ridge,-53.63039573480424,93.9914612131209,3,-42.532040470204805,75.16443740957978,3,-64.72875099940366,112.81851965903127,3,39.679602031622224,62.38991546920489,3,36.95775587507968,58.506649929602325,3,14.360905524453266,21.748855191595453,3,-563.2244160283261,973.8316423246002,3,-10.822499495609783,19.79137645594808,3,0.9200548472675137,0.08594273934702845,3,0.752244641711707,0.28524008334521334,3,6.572715284505262,10.825390324178686,3,54.26599543292162,106.36135104852637,43.396208171907666,85.05656801693902,65.13580269471679,127.6661732816449,36.02083449086344,70.60083560209235,33.778830086239104,66.20650696902864,12.556707399433826,24.6111465028903,562.2419608414833,1101.9942432493074,11.426556524474845,22.396050787970697,0.04961906369690072,0.09725336484592541,0.16468343890303022,0.3227795402499392,6.250042017747335,12.250082354784777
8-12,20,FixedTerm_cross15to24_RIDGE,15-24 FixedTerm,0.7447951629441153,0.040191641333902135,3,0.9440954000019782,0.008760610911459805,3,0.5454949258862523,0.07190577435717702,3,2.702169210894674,0.21716440666212186,3,2.0648732635828386,0.1803769245768548,3,1.7414505466093475,0.15058157139560877,3,-0.511018270900124,0.46096286198634184,3,0.5470626340096346,0.022220975514919653,3,0.9670427441142238,0.010331145070101622,3,0.964407606625049,0.0029512108366754617,3,0.44349852553508007,0.06215297194077584,3,0.02320465494330129,0.04548112368887053,0.005057941067996892,0.009913564493273908,0.04151481818140464,0.0813690436355531,0.12537992864478142,0.24574466014377158,0.10414066596004395,0.20411570528168616,0.08693831078025158,0.17039908912929308,0.2661370324542348,0.5216285836103002,0.012829286195194946,0.025145400942582094,0.005964689387260247,0.011690791199030083,0.0017038823709899186,0.0033396094471402405,0.03588403508094219,0.0703327087586467
8-12,20,FixedTerm_crossPrev_RIDGE,Prev-stage FixedTerm,0.7440911132334899,0.056871722067795887,3,0.9446873728359241,0.012549921802361374,3,0.5434948536310555,0.1147587028428482,3,2.7034471932378117,0.20516802197887116,3,2.0137223442309122,0.18921346796412372,3,1.795003328054279,0.2314310472919411,3,-0.6738157104308131,0.32694880009563715,3,0.8361547531270052,0.1617183016564799,3,0.9645257191500817,0.010219581787835857,3,0.9673246227596062,0.007033244034440068,3,0.5126647588605963,0.21994881414245493,3,0.03283490404511954,0.06435641192843429,0.007245700730902093,0.014201573432568101,0.06625596797817068,0.12986169723721452,0.11845381271860432,0.23216947292846446,0.10924244666338946,0.21411519546024335,0.13361677745283923,0.26188888380756487,0.18876397774644127,0.3699773963830249,0.09336810499425778,0.18300148578874526,0.00590027829621243,0.011564545460576362,0.004060645336560303,0.007958864859658193,0.1269875070530853,0.2488955138240472
8-12,20,FixedTerm_sameStage_RIDGE,Same-stage FixedTerm,0.8396348860768162,0.025898371329191223,3,0.972026026763143,0.0008620441107913884,3,0.7072437453904894,0.051886136711781335,3,2.0258830402439174,0.09580403802679355,3,1.4855517500245012,0.047265449752500174,3,1.3768525272279346,0.0967843193995173,3,-0.1067471654752023,0.04025270357225924,3,0.5897800333403619,0.01600789434547052,3,0.9822604804531897,0.00403495452755904,3,0.9778136279146533,0.0026866725585524033,3,0.3336357996252312,0.10122718362183868,3,0.01495243165848144,0.02930676605062362,0.0004977013994187396,0.0009754947428607297,0.02995647499775668,0.05871469099560309,0.0553124871442224,0.10841247480267589,0.027288720137974707,0.053485891470430424,0.05587845285864604,0.10952176760294623,0.023239909243054083,0.045550222116386,0.009242162109516493,0.018114637734652324,0.002329582082654111,0.004565980882002058,0.0015511511249046107,0.003040256204813037,0.05844354171337624,0.11454934175821743
8-12,20,FixedTerm_unionAllStages_RIDGE,Union FixedTerm,0.7520730847618795,0.11889105948366537,3,0.9583739457040176,0.008272788484785947,3,0.5457722238197417,0.23061799808714928,3,2.5285745307911394,0.3379568634569326,3,1.8949757462660521,0.1657771515381291,3,1.6668619858284954,0.35103215825470147,3,-0.7143721287764433,0.59519731447215,3,0.8135892644249328,0.1880576334382967,3,0.9757437295616885,0.011022101917891707,3,0.9626865308300033,0.013693530784321704,3,0.257063592279837,0.12983922493840347,3,0.06864178519713401,0.13453789898638266,0.004776296658640003,0.009361541450934405,0.13314736327558824,0.2609688320201529,0.19511948609134164,0.3824341927390296,0.09571148306602822,0.1875945068094153,0.20266851106256722,0.39723028168263175,0.3436373297314381,0.6735291662736187,0.10857512528876458,0.21280724556597858,0.006363613509330268,0.012472682478287325,0.007905963684484563,0.015495688821589743,0.07496271146955961,0.14692691448033685
8-12,20,LinearRegression_full64,Full linear,-13.995530034477556,12.753256866826455,3,0.12569964698070948,0.6843408347967225,3,-28.116759715935824,24.8425313844653,3,11.655123155933007,7.02946626700773,3,7.376083304760673,4.186516236648929,3,8.773921805336608,6.210222083132586,3,-96.42434310156109,125.72641870669268,3,-5.224132515127267,5.594389169984156,3,0.7986230869481691,0.1296110222503738,3,0.6339082167418724,0.2532699278664716,3,3.9949975877955732,3.343252083914558,3,7.363096285106697,14.431668718809126,0.39510436518734093,0.7744045557671883,14.342842182172769,28.111970677058626,4.058464241516307,7.954589913371962,2.4170862761959984,4.737489101344157,3.585473391423957,7.027527847190956,72.58818168455663,142.272836101731,3.2299220932418797,6.330647302754084,0.07483095858619589,0.14666867882894394,0.1462254610313445,0.28660190362143523,1.9302274906168475,3.783245881609021
8-12,20,MotherCopyBaseline,Mother copy,0.4213270148171251,0.0066599938756620874,3,0.8656492185987682,0.00017299620307055643,3,-0.022995188964517965,0.013164760600491689,3,4.100820840859547,0.009935922151664396,3,3.0394652288066606,0.005736963973586589,3,2.752866923731242,0.015013250414573529,3,-0.8021948869409092,0.4155215791989614,3,6.291263806209221e-16,1.0896788556173529e-15,3,0.8767942483954491,0.0031665328021440705,3,0.9449216349506759,0.0029213021704493926,3,0.94844000792872,0.1394851214180182,3,0.0038451492569147655,0.00753649254355294,9.987940441156893e-05,0.0001957636326466751,0.007600678076510856,0.014897329029961277,0.005736507328910605,0.011243554364664786,0.0033122376944814025,0.0064919858811835485,0.008667904168265288,0.016989092169799963,0.23990149560461876,0.47020693138505276,6.291263806209221e-16,1.2330877060170073e-15,0.0018281985657156593,0.0035832691888026923,0.001686614594493195,0.0033057646052066622,0.08053177239864044,0.15784227390133526
8-12,20,RandomForest_full64_quick,RF quick,0.7083343804147457,0.11720412070146517,3,0.8146103310381422,0.11985378195492583,3,0.6020584297913493,0.11622186697685906,3,4.878693821390106,1.959142426446971,3,,,0,,,0,-0.33016533874880594,0.2958887089642446,3,0.4305442537028783,0.230214296520067,3,0.9634962494896566,0.019252348046683736,3,,,0,0.6551851998910189,0.12130040034373993,3,0.06766783063712431,0.13262894804876366,0.06919761327507114,0.13562732201913943,0.06710072618481046,0.1315174233222285,1.1311114072899753,2.2169783582883515,,,,,0.17083142577067745,0.3348295945105278,0.13291428606716102,0.2605120006916356,0.011115348327285222,0.021786082721479035,,,0.07003281879126763,0.13726432483088455
8-12,20,Ridge_full64,Full ridge,0.5951692318848751,0.2683985282373809,3,0.8977014929366628,0.05508021446195199,3,0.29263697083308743,0.4879306727939176,3,3.5269313927858836,1.009067894869315,3,2.890848349644045,0.8473763040750916,3,2.0162770920262574,0.5705021920830459,3,-2.388923417680884,2.6942400790352163,3,0.4505855968674816,0.8749508498832922,3,0.9743928162342782,0.0044379018951992396,3,0.9184897263740167,0.04001583258597635,3,0.42944287051823266,0.3690058414501683,3,0.15495996252795124,0.30372152655478446,0.0318005766466303,0.06232913022739539,0.28170690528344355,0.5521455343555494,0.582585620733408,1.1418678166374796,0.4892329372626643,0.958896557034822,0.32937959417241813,0.6455840045779395,1.5555202348924608,3.0488196603892233,0.5051531087078106,0.9901000930673087,0.0025622238538304315,0.005021958753507645,0.023103151715360447,0.04528217736210648,0.21304562189379905,0.4175694189118461
8-12,40,FixedTerm_cross15to24_RIDGE,15-24 FixedTerm,0.7957718806127185,0.009327646424468872,3,0.9556729852372176,0.0011106555201995097,3,0.6358707759882192,0.017545480950543972,3,2.3960966820523697,0.027509378440481888,3,1.7768447657829292,0.01425559668020962,3,1.6074950301376685,0.025418852605703143,3,-0.15844423444964695,0.09827429121657977,3,0.5611922528921786,0.053270686711047274,3,0.9699864411354905,0.002490999184989255,3,0.9714168568291602,0.00343212060178606,3,0.38570098816379045,0.07296448782105255,3,0.005385319174072754,0.010555225581182598,0.0006412372635641308,0.0012568250365856963,0.010129888149858013,0.019854580773721705,0.015882547047851508,0.031129792213788955,0.00823047258077776,0.01613172625832441,0.01467558139439413,0.028764139533012496,0.056738688488312004,0.11120782943709152,0.030755845312539366,0.060281456812577155,0.0014381790500046848,0.002818830938009182,0.0019815357533324424,0.003883810076531587,0.042126066684767864,0.08256709070214502
8-12,40,FixedTerm_crossPrev_RIDGE,Prev-stage FixedTerm,0.8043337675808448,0.0122035451740383,3,0.9584904296163451,0.006002774660787104,3,0.6501771055453446,0.019521371155634463,3,2.3570596307105043,0.11311433733264031,3,1.7455797408677842,0.11372680291797246,3,1.5833111884578017,0.05071286681330703,3,-0.3903436254717049,0.1875669088611825,3,0.8580264821862674,0.10848541995105872,3,0.9751426269307415,0.0024929944653142937,3,0.9702952559034429,0.005164373972888309,3,0.4527494608839803,0.11209173303534838,3,0.007045720091298772,0.013809611378945591,0.003465703566290099,0.006792778989928594,0.011270668891656153,0.02209051102764606,0.06530659310820602,0.1280009224920838,0.06566020027876693,0.12869399254638317,0.029279087306040452,0.057387011119839286,0.10829180532206972,0.21225193843125664,0.06263408641189336,0.12276280936731097,0.0014393310256374547,0.002821088810249411,0.0029816527034429623,0.005844039298748206,0.06471619224189006,0.12684373679410452
8-12,40,FixedTerm_sameStage_RIDGE,Same-stage FixedTerm,0.8743571230179862,0.00806169305356578,3,0.9793570489994119,0.0030127016788355403,3,0.7693571970365601,0.013117805370540098,3,1.7960364413669971,0.08356484033587641,3,1.2905426715641337,0.08082566241405063,3,1.2488562826963214,0.036838023509434624,3,0.1563133224283001,0.021161259363556992,3,0.694413256315289,0.11393511641253123,3,0.984901148300631,0.0014290631785885256,3,0.981735223042079,0.00421997388654693,3,0.21432630765336572,0.07934604761952319,3,0.0046544206546003395,0.009122664483016666,0.0017393841252637367,0.003409192885516924,0.007573568461858445,0.014844194185242552,0.048246183062706345,0.09456251880290444,0.04666471795218195,0.09146284718627662,0.021268442789585843,0.04168614786758825,0.012217458789941118,0.02394621922828459,0.06578047013092626,0.12892972145661546,0.0008250700108470676,0.0016171372212602526,0.002436403059371061,0.00477534999636728,0.045810461952264576,0.08978850542643857
8-12,40,FixedTerm_unionAllStages_RIDGE,Union FixedTerm,0.8631269811937322,0.0033992711387058642,3,0.9780368075501094,0.0018016067184049207,3,0.7482171548373552,0.006468486169551139,3,1.89192144538729,0.05108094514489181,3,1.372082823801459,0.06671041692888187,3,1.3019598914756576,0.025354781228210884,3,0.09719637585736596,0.03353788886107455,3,0.7499366083194948,0.20077577570454455,3,0.9833842277675271,0.0018057872056341723,3,0.9803644569365413,0.002667143613290562,3,0.22602883390433967,0.11257313168805791,3,0.0019625701069803567,0.003846637409681499,0.0010401581238449194,0.0020387099227360417,0.003734582231239721,0.007319781173229853,0.029491597429863795,0.05780353096253304,0.03851527717164212,0.07548994325641854,0.014638589767351625,0.028691635944009187,0.01936310916199314,0.037951693957506555,0.11591794814977473,0.22719917837355846,0.0010425717292720715,0.00204344058937326,0.001539876083100697,0.0030181571228773663,0.06499412788361943,0.12738849065189406
8-12,40,LinearRegression_full64,Full linear,-7.997913528810372,6.80324090059515,3,-0.900862267643757,1.1417863689998065,3,-15.094964789976984,13.204032773580092,3,15.571306877973834,5.515740552507674,3,12.955035775202594,4.219013998321525,3,8.524252432048009,3.946893001275077,3,-85.02597859653766,73.5276368458124,3,-6.070905078840695,4.1425750817170215,3,0.8489562155232782,0.034562818139770045,3,0.3992188552525892,0.22329281299060122,3,3.721734121358747,1.6623101563273182,3,3.9278529653204823,7.698591812028146,0.6592106674990836,1.292052908298204,7.623351876215108,14.941769677381611,3.1845142927704413,6.241648013830065,2.435848867645732,4.774263780585635,2.278739736748816,4.4663298840276795,42.45120092580684,83.2043538145814,2.3917168385675582,4.687765003592414,0.019954852356948317,0.0391115106196187,0.1289181656882324,0.25267960474893547,0.9597352162322261,1.8810810238151632
8-12,40,MotherCopyBaseline,Mother copy,0.4082943733336161,0.025454938274485646,3,0.8655361567692087,0.0006139702085679137,3,-0.048947410101976396,0.05117421053671856,3,4.133367345065612,0.056358385439656065,3,3.038736011901701,0.0023389715626158047,3,2.801509144124058,0.08187892735656757,3,-0.6149496815492049,0.4592555120533895,3,0.0,0.0,3,0.8720022532299864,0.00923919740641,3,0.9415770235936143,0.010690516378322417,3,0.8889082852316746,0.16093464276711386,3,0.014696415464979596,0.028804974311360008,0.00035447586519109567,0.0006947726957745475,0.029545444228941047,0.05790907068872445,0.032538529004678116,0.0637755168491691,0.0013504058613031146,0.0026467954881541048,0.0472728207502721,0.09265472867053332,0.2651512935108439,0.519696535281254,0.0,0.0,0.005334253109686906,0.010455136094986335,0.006172172508800551,0.01209745811724908,0.09291565932352945,0.18211469227411772
8-12,40,RandomForest_full64_quick,RF quick,0.8405674897202505,0.04324336504739779,3,0.9571931127340022,0.024390119405735097,3,0.723941866706499,0.06222551434822273,3,2.4454791669573233,0.5136956416742041,3,,,0,,,0,0.14187929660369672,0.07322561784234972,3,0.5183945614509892,0.1021872832811494,3,0.9761563972110626,0.01214728363260064,3,,,0,0.4281810003525606,0.10650800933706384,3,0.02496656845078037,0.04893447416352952,0.014081642004468275,0.027600018328757817,0.03592591745940932,0.07041479822044226,0.29658231700213933,0.5813013413241931,,,,,0.04227683017285728,0.08286258713880026,0.05899785551012816,0.11563579679985118,0.007013237475204715,0.013745945451401242,,,0.061492427861604984,0.12052515860874577
8-12,40,Ridge_full64,Full ridge,0.8300536866858584,0.01329102698862191,3,0.9695106955376813,0.005822673039072186,3,0.6905966778340353,0.031850099402726526,3,2.1729810776515692,0.0438463507085719,3,1.6299530800445126,0.13842590699512358,3,1.4312358406725005,0.08806988323217702,3,-0.16826021413918243,0.2151946917270832,3,0.8300703377269834,0.12862247520771555,3,0.9812984845755884,0.0016605261759083732,3,0.9737952914389688,0.003936647909216666,3,0.22321546082247776,0.05589335790097475,3,0.00767357800968744,0.015040212898987384,0.003361721846511503,0.006588974819162546,0.0183886634638805,0.03604178038920578,0.025314702384576726,0.04961681667377038,0.0799202346664527,0.1566436599462473,0.05084717079159631,0.09966045475152878,0.12424271319681002,0.24351571786574763,0.07426022068501055,0.14555003254262067,0.0009587052346571192,0.0018790622599279534,0.00227282473009102,0.004454736470978399,0.03227004523003987,0.06324928865087814
8-12,80,FixedTerm_cross15to24_RIDGE,15-24 FixedTerm,0.8166721671726521,0.011227505522157361,3,0.9651640202474248,0.00026344180378971784,3,0.6681803140978794,0.022409891097197064,3,2.187769887635463,0.03289602409521962,3,1.586314415186104,0.017023512977469717,3,1.5064564712532411,0.03988965858356227,3,-0.10375780196250527,0.05156493521505946,3,0.7086032252894504,0.10087732536788831,3,0.9749223536474599,0.001856582474693337,3,0.9751722992514096,0.0011027721829258172,3,0.27489701229804037,0.14131027844606808,3,0.0064822033355455624,0.012705118537669303,0.00015209819633379417,0.0002981124648142366,0.012938356657476923,0.02535917904865477,0.018992528366643464,0.03722535559862119,0.009828529800095229,0.01926391840818665,0.023030305121101942,0.04513939803735981,0.029771029227160194,0.05835121728523398,0.05824155095627978,0.11415343987430837,0.0010718983915369398,0.002100920847412402,0.0006366858166670518,0.0012479042006674215,0.08158552730009838,0.15990763350819281
8-12,80,FixedTerm_crossPrev_RIDGE,Prev-stage FixedTerm,0.8205944438898434,0.012123938155866206,3,0.9634591938990958,0.0018769731780311927,3,0.6777296938805909,0.02577680746614499,3,2.1976758153075786,0.020845344706697806,3,1.6148225135072414,0.02875184424210831,3,1.4897911608321825,0.059851182904292394,3,-0.3421436910128674,0.07293292404171378,3,0.8970994443875434,0.06787046681281791,3,0.979796607035858,0.001158442068192358,3,0.9750549542540706,0.0006514214307781059,3,0.3391965261714441,0.10749432484207645,3,0.006999758957927729,0.01371952755753835,0.0010836709695980166,0.0021239951004121123,0.014882246729427966,0.029169203589678814,0.01203506537776252,0.02358872814041454,0.016599885012879425,0.03253577462524367,0.03455509656111074,0.06772798925977705,0.04210784332826998,0.08253137292340916,0.039185032284405986,0.07680266327743573,0.0006688268399114447,0.0013109006062264317,0.00037609833841563065,0.000737152743294636,0.06206187738392992,0.12164127967250264
8-12,80,FixedTerm_sameStage_RIDGE,Same-stage FixedTerm,0.8823344178789853,0.008259202115829636,3,0.9822193733388463,0.00043807752178026097,3,0.7824494624191239,0.016085809050659365,3,1.715261705445126,0.04190498790207434,3,1.2240416589007153,0.013143428800721625,3,1.2014243548938905,0.04711327472477282,3,0.14658061075034198,0.061313486786136254,3,0.7471179814582148,0.14925643931138594,3,0.9867352583948746,0.0010350829552465343,3,0.9837040281154894,0.0017217648598806734,3,0.2157707538941146,0.0721919201893008,3,0.004768452564865767,0.009346167027136905,0.00025292417512575783,0.0004957313832464853,0.009287146185531104,0.018202806523640962,0.024193856045650632,0.04741995784947524,0.007588362156171311,0.014873189826095768,0.027200861844752382,0.053313689215714666,0.03539935810093033,0.06938274187782345,0.08617324541471372,0.16889956101283887,0.00059760542284518,0.0011713066287765527,0.000994061405333345,0.0019483603544533563,0.0416800245546088,0.08169284812703324
8-12,80,FixedTerm_unionAllStages_RIDGE,Union FixedTerm,0.8806505546624664,0.007858239044337044,3,0.9821015454697285,0.0014963410880826811,3,0.7791995638552046,0.016105295704707492,3,1.747962860070057,0.0506148173800977,3,1.2554299342710078,0.06396336331995318,3,1.2151218040928162,0.05092946297997264,3,0.11042628659875814,0.09934842580225665,3,0.776045690549619,0.17081504289192675,3,0.9866414054854968,0.0004936409775726424,3,0.9812863212727804,0.000429242877900016,3,0.21186596117488854,0.0985858502257363,3,0.00453695642760442,0.008892434598104662,0.0008639129300040335,0.0016932693428079056,0.009298396810491395,0.018224857748563132,0.029222478439383158,0.05727605774119099,0.036929265031048805,0.07238135946085565,0.029404139161170285,0.05763211275589376,0.057358840380498446,0.11242332714577695,0.09862011099529139,0.19329541755077112,0.0002850037512845951,0.0005586073525178064,0.0002478234911033039,0.00048573404256247566,0.05691856716611698,0.11156039164558927
8-12,80,LinearRegression_full64,Full linear,0.5361474365528103,0.18344574103554645,3,0.9337820182681286,0.02709642772058871,3,0.13851285483749212,0.33979512626969227,3,3.1688838300133724,0.5112322775333402,3,2.3109638367117187,0.4383698953450374,3,2.166894242089563,0.2791963505170885,3,-1.9230987067763492,1.2417871644664429,3,0.40352055804723014,0.484022036501126,3,0.9530375955770282,0.017913889628121144,3,0.9380248766697875,0.006891587263854677,3,0.3307439468925888,0.23928161883059632,3,0.10591244796856313,0.20758839801838372,0.01564412983855913,0.030662494483575897,0.19618080762112972,0.38451438293741425,0.29516009305229945,0.578513782382507,0.25309297708208545,0.4960622350808875,0.16119408812780217,0.3159404127304922,0.716946153680923,1.405214461214609,0.279450253067636,0.5477224960125665,0.010342588999028988,0.020271474438096817,0.003978859761930294,0.007798565133383377,0.1381493070439742,0.27077264180618943
8-12,80,MotherCopyBaseline,Mother copy,0.42139868109036055,0.00964089717313845,3,0.8652329670877442,0.0010945238979379822,3,-0.022435604907022965,0.02002784882951708,3,4.09197500999495,0.020629190707209397,3,3.0328125222698046,0.01812055166048918,3,2.7470174993260694,0.020025670806289184,3,-0.5642017633379689,0.28451840778678544,3,3.3306690738754696e-16,5.768888059150692e-16,3,0.8771263157423584,0.002713874970937149,3,0.9488842691882818,0.003476168407802642,3,0.8653930649390104,0.1054258649898944,3,0.005566174578140987,0.010909702173156333,0.0006319236671089726,0.0012385703875335862,0.011563083913010818,0.022663644469501202,0.011910268807971473,0.023344126863624085,0.010461905379047948,0.02050533454293398,0.01156182643071389,0.022661179804199225,0.1642667793251043,0.3219628874772044,3.33066907387547e-16,6.528111384795921e-16,0.001566856445017551,0.0030710386322343997,0.002006966765993328,0.003933654861346923,0.06086765153146467,0.11930059700167076
8-12,80,RandomForest_full64_quick,RF quick,0.8871625036854747,0.0041346417107430734,3,0.9818764027882646,0.0017338276356599323,3,0.792448604582685,0.009041189478079048,3,1.8326751074035725,0.12301420744039197,3,,,0,,,0,0.19569597855656426,0.03415913010065179,3,0.6741656437954909,0.18136587704565452,3,0.9867848565306835,0.0005934051607296636,3,,,0,0.33076319288152517,0.06384694292189652,3,0.0023871365047001686,0.00467878754921233,0.0010010258521766743,0.0019620106702662814,0.005219933178963351,0.010231069030768166,0.07102228577985878,0.13920368012852322,,,,,0.01972178295889476,0.03865469459943373,0.10471163793412121,0.20523481035087757,0.00034260262928578446,0.0006715011534001376,,,0.03686204968289163,0.07224961737846759
8-12,80,Ridge_full64,Full ridge,0.8717714329907981,0.007798450370597572,3,0.981879060243648,0.0012110674319157793,3,0.761663805737948,0.015828518632885945,3,1.7893646009834203,0.04055009783711725,3,1.2731330658232654,0.039640084862761125,3,1.2568058501973738,0.046565699942873184,3,0.05108562835922894,0.09052053573883122,3,0.8076484061670297,0.1561562635312446,3,0.9857522429554292,0.0007543879865555454,3,0.9801725550436656,0.0008325958337091923,3,0.19089218317458978,0.06460314301141823,3,0.004502437420726446,0.008824777344623834,0.000699210107823364,0.0013704518113337933,0.009138599493569708,0.017911655007396627,0.02341160990192531,0.0458867554077736,0.022886213666214746,0.0448569787857809,0.026884719397021174,0.0526940500181615,0.052262055676003345,0.10243362912496655,0.09015686078541021,0.176707447139404,0.00043554610711126396,0.0008536703699380773,0.0004806994287181631,0.0009421708802875996,0.037298642008138205,0.07310533833595088
