feature_added,R2,MSE,WAIC,R2_gain,WAIC_gain,MSE_drop,prev_R2,prev_WAIC,prev_MSE,composite_score,k,raw_stage,target,target_index
mother_x,0.9795559566482152,2.235813893259877,3236.5243589842594,0.9808449412591724,3453.5204624674243,107.26776054353648,-0.0012889846109571,6690.044821451684,109.50357443679634,0.9999999999994902,1,4_6_7_8,x_mean,1
mother_x_adj_xj_pow2,0.9935551752637192,0.7048228394479203,2213.404621182338,0.013999218615504,1023.1197378019216,1.5309910538119569,0.9795559566482152,3236.5243589842594,2.235813893259877,0.9999999999642832,2,4_6_7_8,x_mean,1
mother_x_adj_xj_pow3,0.9957026477873968,0.4699696442548632,1855.517425298105,0.0021474725236775,357.8871958842328,0.2348531951930571,0.9935551752637192,2213.404621182338,0.7048228394479203,0.9999999997671668,3,4_6_7_8,x_mean,1
mother_x_adj_xi_xj2,0.99686060081288,0.3433328817725797,1578.7141711037004,0.0011579530254831,276.80325419440464,0.1266367624822835,0.9957026477873968,1855.517425298105,0.4699696442548632,0.9999999995682016,4,4_6_7_8,x_mean,1
mother_x_adj_xj,0.9971358937942086,0.3132261234478943,1499.2178747628604,0.0002752929813286,79.49629634083999,0.0301067583246854,0.99686060081288,1578.7141711037004,0.3433328817725797,0.9999999981837469,5,4_6_7_8,x_mean,1
mother_x_x,0.9981937516322678,0.1975360316823564,1091.846001095479,0.0010578578380591,407.37187366738135,0.1156900917655378,0.9971358937942086,1499.2178747628604,0.3132261234478943,0.9999999995273454,6,4_6_7_8,x_mean,1
mother_2d_couple_xy_xi2_xj,0.9982750570322508,0.1886442611186358,1052.9465135784585,8.130539998296715e-05,38.89948751702059,0.0088917705637205,0.9981937516322678,1091.846001095479,0.1975360316823564,0.999999993850334,7,4_6_7_8,x_mean,1
mother_3d_couple_prod_xyz,0.9984029355705426,0.1746591306998068,986.5467371232356,0.0001278785382918,66.39977645522276,0.013985130418829,0.9982750570322508,1052.9465135784585,0.1886442611186358,0.9999999960900324,8,4_6_7_8,x_mean,1
mother_y_adj_xj,0.9984299918181638,0.1717001889048792,973.3740301134582,2.7056247621226603e-05,13.172707009777582,0.0029589417949275,0.9984029355705426,986.5467371232356,0.1746591306998068,0.9999999815199426,9,4_6_7_8,x_mean,1
mother_x_adj_xi_xj_pow2,0.9984543306556044,0.1690384301735583,961.5001120907511,2.4338837440462943e-05,11.873918022707016,0.0026617587313209,0.9984299918181638,973.3740301134582,0.1717001889048792,0.9999999794566604,10,4_6_7_8,x_mean,1
mother_x_adj_xi2_xj,0.9984616583687836,0.1682370523516508,959.2802687763452,7.327713179350326e-06,2.2198433144060346,0.0008013778219075,0.9984543306556044,961.5001120907511,0.1690384301735583,0.9999999317656724,11,4_6_7_8,x_mean,1
mother_3d_couple_prod_sq_xy2z,0.9984640713104892,0.1679731667544566,959.8863167480548,2.4129417055540614e-06,-0.6060479717095859,0.0002638855971941,0.9984616583687836,959.2802687763452,0.1682370523516508,0.4999997927841391,12,4_6_7_8,x_mean,1
mother_2d_couple_xz_xi2_xj,0.9984663930671548,0.1677192533910382,960.5429732813328,2.321756665479846e-06,-0.6566565332782375,0.0002539133634184,0.9984640713104892,959.8863167480548,0.1679731667544566,0.499999784645914,13,4_6_7_8,x_mean,1
mother_y_y_y,0.9984680169462566,0.1675416617378205,961.6022050874216,1.623879101964043e-06,-1.0592318060887465,0.0001775916532177,0.9984663930671548,960.5429732813328,0.1677192533910382,0.4999996920954944,14,4_6_7_8,x_mean,1
mother_2d_couple_yz_xi_xj_pow3,0.9984717754918088,0.1671306173950212,961.4209215889113,3.7585455520128255e-06,0.1812834985105382,0.0004110443427993,0.9984680169462566,961.6022050874216,0.1675416617378205,0.999999866967095,15,4_6_7_8,x_mean,1
mother_z_z_z,0.9984740714998068,0.1668795199729871,962.0857851494718,2.2960079982814463e-06,-0.6648635605606614,0.000251097422034,0.9984717754918088,961.4209215889113,0.1671306173950212,0.4999997822308186,16,4_6_7_8,x_mean,1
mother_z_adj_xi2_xj,0.9984980704013576,0.1642549375170442,950.0088567300888,2.399890155058149e-05,12.07692841938308,0.0026245824559429,0.9984740714998068,962.0857851494718,0.1668795199729871,0.9999999791656726,17,4_6_7_8,x_mean,1
mother_y_adj_xi2_xj,0.998499605829472,0.164087019094487,951.100586743704,1.5354281144297488e-06,-1.0917300136152337,0.0001679184225572,0.9984980704013576,950.0088567300888,0.1642549375170442,0.4999996743581352,18,4_6_7_8,x_mean,1
mother_y_adj_xj_pow3,0.9984997279391457,0.1640736648621554,953.0283138670512,1.2210967359482794e-07,-1.9277271233471536,1.3354232331591607e-05,0.998499605829472,951.100586743704,0.164087019094487,0.4999959053538459,19,4_6_7_8,x_mean,1
mother_2d_couple_yz_xi_xj_pow2,0.9984997887351458,0.164067016053026,954.9923284324428,6.079600023412013e-08,-1.964014565391608,6.6488091293726015e-06,0.9984997279391457,953.0283138670512,0.1640736648621554,0.4999917759100272,20,4_6_7_8,x_mean,1
mother_z_z,-0.2866172315916651,1.7952086643895824,3041.6225162977744,5.734380133223024,1504.8372629942487,8.001143344963848,-6.020997364814689,4546.459779292023,9.79635200935343,0.9999999999999124,1,4_6_7_8,x_half,2
mother_x_adj_xj_minus_xi_pow2,0.4082763991057669,0.8256280960383275,2353.8843968151195,0.694893630697432,687.7381194826548,0.9695805683512548,-0.2866172315916651,3041.6225162977744,1.7952086643895824,0.9999999999992796,2,4_6_7_8,x_half,2
mother_y_adj_xj_minus_xi_pow2,0.4828251681715699,0.7216106828866735,2236.3075137327696,0.0745487690658029,117.57688308234992,0.104017413151654,0.4082763991057669,2353.8843968151195,0.8256280960383275,0.9999999999932888,3,4_6_7_8,x_half,2
mother_x_adj_xj,0.5305958059706766,0.6549566223202052,2152.24542631886,0.0477706377991066,84.06208741390947,0.0666540605664682,0.4828251681715699,2236.3075137327696,0.7216106828866735,0.9999999999895274,4,4_6_7_8,x_half,2
mother_x_adj_xj_pow2,0.5716087984809051,0.5977314603224725,2073.0578792315027,0.0410129925102284,79.18754708735742,0.0572251619977327,0.5305958059706766,2152.24542631886,0.6549566223202052,0.9999999999878024,5,4_6_7_8,x_half,2
mother_2d_couple_xz_xi2_xj,0.5818856351076971,0.5833922569433059,2053.495636360561,0.010276836626792,19.56224287094119,0.0143392033791666,0.5716087984809051,2073.0578792315027,0.5977314603224725,0.9999999999513214,6,4_6_7_8,x_half,2
mother_y_adj_xi_xj_pow3,0.5884414498590846,0.5742449712122851,2041.46195017434,0.0065558147513875,12.03368618622153,0.0091472857310207,0.5818856351076971,2053.495636360561,0.5833922569433059,0.9999999999236902,7,4_6_7_8,x_half,2
mother_x,0.5911928418165816,0.5704059718891376,2037.50547199798,0.0027513919574969,3.9564781763599512,0.0038389993231475,0.5884414498590846,2041.46195017434,0.5742449712122851,0.9999999998181476,8,4_6_7_8,x_half,2
mother_x_adj_xi_xj_pow2,0.5943989267143409,0.5659325424604753,2032.5138479288207,0.0032060848977593,4.991624069159343,0.0044734294286622,0.5911928418165816,2037.50547199798,0.5704059718891376,0.9999999998439464,9,4_6_7_8,x_half,2
mother_2d_couple_xy_xi2_xj,0.5964536454093878,0.5630656068143015,2030.0039303038493,0.0020547186950469,2.509917624971422,0.0028669356461737,0.5943989267143409,2032.5138479288207,0.5659325424604753,0.9999999997564584,10,4_6_7_8,x_half,2
mother_y_adj_xj,0.6024643013273853,0.554678977661741,2018.678047895433,0.0060106559179974,11.325882408415964,0.0083866291525604,0.5964536454093878,2030.0039303038493,0.5630656068143015,0.9999999999167702,11,4_6_7_8,x_half,2
mother_y_adj_xj_pow2,0.6038169381162897,0.5527916523379465,2017.6514276590683,0.0013526367889044,1.0266202363650336,0.0018873253237945,0.6024643013273853,2018.678047895433,0.554678977661741,0.9999999996298644,12,4_6_7_8,x_half,2
mother_2d_couple_yz_xi_xj2,0.6064221743467382,0.5491565831512102,2013.7927982922724,0.0026052362304485,3.858629366795867,0.0036350691867362,0.6038169381162897,2017.6514276590683,0.5527916523379465,0.9999999998079492,13,4_6_7_8,x_half,2
mother_y_adj_xi_xj,0.6094741785889957,0.5448981414601437,2008.8799533791264,0.0030520042422574,4.912844913146046,0.0042584416910664,0.6064221743467382,2013.7927982922724,0.5491565831512102,0.9999999998360714,14,4_6_7_8,x_half,2
mother_y_y_y,0.6118690078843252,0.5415566517030146,2005.4176878913668,0.0023948292953295,3.4622654877596237,0.0033414897571291,0.6094741785889957,2008.8799533791264,0.5448981414601437,0.9999999997910723,15,4_6_7_8,x_half,2
mother_2d_couple_yz_xj_minus_xi_pow2,0.6126522057584689,0.5404638607974747,2005.6240090417584,0.0007831978741437,-0.2063211503914317,0.0010927909055399,0.6118690078843252,2005.4176878913668,0.5415566517030146,0.4999999993615917,16,4_6_7_8,x_half,2
mother_x_x_x,0.6130953313082378,0.5398455705967647,2006.6075562695755,0.0004431255497688,-0.9835472278170982,0.0006182902007099,0.6126522057584689,2005.6240090417584,0.5404638607974747,0.4999999988716516,17,4_6_7_8,x_half,2
mother_z_adj_xj_pow3,0.6131095791615018,0.5398256906596705,2008.5748548635545,1.4247853263982256e-05,-1.967298593978967,1.987993709429148e-05,0.6130953313082378,2006.6075562695755,0.5398455705967647,0.4999999649069965,18,4_6_7_8,x_half,2
mother_y_adj_xj_pow3,0.6131117129353039,0.5398227134189473,2010.569957362197,2.1337738020932302e-06,-1.9951024986428365,2.9772407231787312e-06,0.6131095791615018,2008.5748548635545,0.5398256906596705,0.4999997656734912,19,4_6_7_8,x_half,2
mother_y_adj_xi2_xj,0.6131143071160821,0.539819093775361,2012.564003084615,2.594180778192623e-06,-1.9940457224179229,3.619643586305621e-06,0.6131117129353039,2010.569957362197,0.5398227134189473,0.4999998072610007,20,4_6_7_8,x_half,2
mother_x_adj_xj,0.6668732450352466,0.747517010403298,2263.6284177570437,0.6739555837303937,980.385158240877,1.5123170252358071,-0.007082338695147,3244.0135759979203,2.259834035639105,0.9999999999992576,1,4_6_7_8,y_mean,3
mother_x,0.827867107090402,0.386256173009784,1679.3208665034615,0.1609938620551554,584.3075512535818,0.3612608373935139,0.6668732450352466,2263.6284177570437,0.747517010403298,0.9999999999968934,2,4_6_7_8,y_mean,3
mother_z,0.9514100992458174,0.1090329035606958,558.1330845699583,0.1235429921554154,1121.1877819335032,0.2772232694490882,0.827867107090402,1679.3208665034615,0.386256173009784,0.9999999999959523,3,4_6_7_8,y_mean,3
mother_2d_couple_yz_xi_xj,0.9540638385737013,0.1030780672732917,510.260279856258,0.0026537393278837,47.87280471370031,0.005954836287404,0.9514100992458174,558.1330845699583,0.1090329035606958,0.9999999998115762,4,4_6_7_8,y_mean,3
mother_x_adj_xj_pow2,0.9558649650301982,0.0990364445454461,476.74141052881566,0.0018011264564971,33.51886932744236,0.0040416227278456,0.9540638385737013,510.260279856258,0.1030780672732917,0.999999999722381,5,4_6_7_8,y_mean,3
mother_2d_couple_xz_xi2_xj,0.956698064954665,0.0971670169007933,461.81916080177285,0.0008330999244667,14.92224972704281,0.0018694276446527,0.9558649650301982,476.74141052881566,0.0990364445454461,0.9999999993997984,6,4_6_7_8,y_mean,3
mother_2d_couple_yz_xi_xj_pow3,0.9572975275907932,0.0958218577055963,451.4399942573673,0.000599462636128,10.379166544405564,0.0013451591951969,0.956698064954665,461.81916080177285,0.0971670169007933,0.9999999991658716,7,4_6_7_8,y_mean,3
mother_y_adj_xi_xj_pow3,0.9576532931803324,0.0950235404706897,446.0108411709632,0.0003557655895394,5.429153086404085,0.0007983172349066,0.9572975275907932,451.4399942573673,0.0958218577055963,0.999999998594488,8,4_6_7_8,y_mean,3
mother_x_adj_xi_xj,0.9579107438869208,0.0944458360994646,442.5956856381814,0.0002574507065883,3.415155532781796,0.0005777043712251,0.9576532931803324,446.0108411709632,0.0950235404706897,0.9999999980577342,9,4_6_7_8,y_mean,3
mother_2d_couple_xy_xi_xj2,0.9580466057067106,0.0941409700992303,441.7246338451776,0.0001358618197897,0.8710517930038009,0.0003048660002342,0.9579107438869208,442.5956856381814,0.0944458360994646,0.9999999963192164,10,4_6_7_8,y_mean,3
mother_y_adj_xi_xj,0.958307415783036,0.0935557274982317,438.187007232456,0.0002608100763253,3.537626612721567,0.0005852426009986,0.9580466057067106,441.7246338451776,0.0941409700992303,0.9999999980827547,11,4_6_7_8,y_mean,3
mother_y,0.958451928787631,0.0932314487438256,437.1037139463792,0.0001445130045949,1.0832932860768665,0.000324278754406,0.958307415783036,438.187007232456,0.0935557274982317,0.9999999965396422,12,4_6_7_8,y_mean,3
mother_x_adj_xj_pow3,0.958503563550354,0.0931155833475812,437.9994464518104,5.163476272307399e-05,-0.8957325054312264,0.0001158653962444,0.958451928787631,437.1037139463792,0.0932314487438256,0.4999999903166013,13,4_6_7_8,y_mean,3
mother_2d_couple_yz_xi_xj2,0.9585276126960256,0.0930616184672253,439.4846593067572,2.4049145671445334e-05,-1.485212854946781,5.396488035593061e-05,0.958503563550354,437.9994464518104,0.0931155833475812,0.4999999792092415,14,4_6_7_8,y_mean,3
mother_z_z_z,0.9585498682260972,0.0930116783556727,441.0079996153268,2.2255530071624285e-05,-1.5233403085695727,4.994011155261269e-05,0.9585276126960256,439.4846593067572,0.0930616184672253,0.4999999775336747,15,4_6_7_8,y_mean,3
mother_3d_couple_prod_sq_xy2z,0.9585577039357858,0.0929940954801048,442.8401167240719,7.83570968865277e-06,-1.8321171087451376,1.7582875567884182e-05,0.9585498682260972,441.0079996153268,0.0930116783556727,0.4999999361895788,16,4_6_7_8,y_mean,3
mother_2d_couple_xy_xi_xj_pow2,0.9585585227606812,0.0929922580847929,444.8225712751105,8.188248954432709e-07,-1.982454551038586,1.8373953118849815e-06,0.9585577039357858,442.8401167240719,0.0929940954801048,0.4999993893695805,17,4_6_7_8,y_mean,3
mother_x_adj_xi_xj2,0.958559274899808,0.0929905703284564,446.806454436372,7.521391268694444e-07,-1.9838831612615309,1.6877563364797732e-06,0.9585585227606812,444.8225712751105,0.0929922580847929,0.4999993352302554,18,4_6_7_8,y_mean,3
mother_y_adj_xi2_xj,0.958559721987324,0.0929895670901449,448.7968741055579,4.470875157869259e-07,-1.9904196691858829,1.0032383115504695e-06,0.958559274899808,446.806454436372,0.0929905703284564,0.4999988816532245,19,4_6_7_8,y_mean,3
mother_y_adj_xj_pow3,0.9585597248583848,0.0929895606476514,450.7968125832323,2.871061055564894e-09,-1.999938477674391,6.4424934970164224e-09,0.958559721987324,448.7968741055579,0.0929895670901449,0.4998259089934627,20,4_6_7_8,y_mean,3
mother_x_adj_xj_minus_xi_pow2,-0.3171829502734198,1.7656370403587636,3026.8730954986167,4.736992292119135,1352.4245123359178,6.349770203997366,-5.054175242392555,4379.297607834535,8.11540724435613,0.999999999999894,1,4_6_7_8,y_half,4
mother_x_adj_xi_xj2,0.5674019583286872,0.5798823358615313,2040.1369370502168,0.884584908602107,986.7361584484,1.1857547044972323,-0.3171829502734198,3026.8730954986167,1.7656370403587636,0.9999999999994342,2,4_6_7_8,y_half,4
mother_2d_couple_xz_xi_xj2,0.6714115813158382,0.4404611242054407,1797.9342499054071,0.104009622987151,242.2026871448095,0.1394212116560905,0.5674019583286872,2040.1369370502168,0.5798823358615313,0.9999999999951908,3,4_6_7_8,y_half,4
mother_x_adj_xj_pow3,0.702170206963606,0.3992302771595125,1712.6582341358603,0.0307586256477677,85.2760157695468,0.0412308470459282,0.6714115813158382,1797.9342499054071,0.4404611242054407,0.9999999999837386,4,4_6_7_8,y_half,4
mother_x_adj_xj_pow2,0.7348220037169766,0.3554617013743111,1611.542897644485,0.0326517967533706,101.11533649137527,0.0437685757852013,0.702170206963606,1712.6582341358603,0.3992302771595125,0.999999999984682,5,4_6_7_8,y_half,4
mother_x_adj_xi_xj,0.8518997239996176,0.1985231686603225,1096.2725082984202,0.1170777202826409,515.2703893460648,0.1569385327139886,0.7348220037169766,1611.542897644485,0.3554617013743111,0.9999999999957284,6,4_6_7_8,y_half,4
mother_x_adj_xj,0.8646794096180248,0.1813924532290938,1018.1368325287,0.0127796856184072,78.13567576972036,0.0171307154312286,0.8518997239996176,1096.2725082984202,0.1985231686603225,0.9999999999608692,7,4_6_7_8,y_half,4
mother_z_adj_xi_xj2,0.8685764784670081,0.176168570618736,994.1880431771082,0.0038970688489833,23.9487893515917,0.0052238826103578,0.8646794096180248,1018.1368325287,0.1813924532290938,0.9999999998716776,8,4_6_7_8,y_half,4
mother_y_adj_xj_pow2,0.872730713458627,0.1705999659127351,967.6655817368649,0.0041542349916188,26.52246144024332,0.0055686047060008,0.8685764784670081,994.1880431771082,0.176168570618736,0.999999999879622,9,4_6_7_8,y_half,4
mother_y_adj_xj_pow3,0.8751111321550865,0.1674090990546733,952.8993216635882,0.0023804186964595,14.766260073276612,0.0031908668580618,0.872730713458627,967.6655817368649,0.1705999659127351,0.999999999789919,10,4_6_7_8,y_half,4
mother_x_adj_xi_xj_pow2,0.87677572919938,0.1651777657398394,942.9839159591075,0.0016645970442934,9.915405704480577,0.0022313333148338,0.8751111321550865,952.8993216635882,0.1674090990546733,0.9999999996995764,11,4_6_7_8,y_half,4
mother_y_adj_xj_minus_xi_pow2,0.8779127142625527,0.1636536775777085,936.75234317767,0.0011369850631727,6.231572781437649,0.0015240881621308,0.87677572919938,942.9839159591075,0.1651777657398394,0.9999999995601604,12,4_6_7_8,y_half,4
mother_2d_couple_xz_xi_xj,0.8785593791522043,0.1627868462224808,934.0363352280904,0.0006466648896515,2.716007949579648,0.0008668313552276,0.8779127142625527,936.75234317767,0.1636536775777085,0.999999999226618,13,4_6_7_8,y_half,4
mother_y_adj_xj,0.8787945643877872,0.1624715887533458,934.3149426973868,0.0002351852355829,-0.2786074692963893,0.0003152574691349,0.8785593791522043,934.0363352280904,0.1627868462224808,0.4999999978740162,14,4_6_7_8,y_half,4
mother_y_adj_xi_xj_pow3,0.8789210653219092,0.1623020187366073,935.3876617541448,0.0001265009341219,-1.0727190567580465,0.0001695700167385,0.8787945643877872,934.3149426973868,0.1624715887533458,0.49999999604746,15,4_6_7_8,y_half,4
mother_y_adj_xi2_xj,0.879201778965452,0.1619257320509418,935.3265011898254,0.0002807136435428,0.0611605643193797,0.0003762866856654,0.8789210653219092,935.3876617541448,0.1623020187366073,0.9999999982106502,16,4_6_7_8,y_half,4
mother_2d_couple_yz_xi_xj_pow3,0.8793420510800285,0.1617377022551006,936.294747461766,0.0001402721145764,-0.968246271940643,0.0001880297958412,0.879201778965452,935.3265011898254,0.1619257320509418,0.4999999964354997,17,4_6_7_8,y_half,4
mother_3d_couple_prod_xyz,0.8794170795419268,0.1616371292622742,937.742392659815,7.50284618983299e-05,-1.4476451980489171,0.0001005729928264,0.8793420510800285,936.294747461766,0.1617377022551006,0.4999999933358624,18,4_6_7_8,y_half,4
mother_3d_couple_prod_sq_xy2z,0.8794682033882757,0.1615685995589855,939.365825216817,5.112384634886613e-05,-1.6234325570020474,6.852970328866115e-05,0.8794170795419268,937.742392659815,0.1616371292622742,0.4999999902198284,19,4_6_7_8,y_half,4
mother_2d_couple_xy_xj_minus_xi_pow2,0.8795677539861841,0.16143515551234,940.6320980182782,9.955059790844878e-05,-1.2662728014611275,0.0001334440466455,0.8794682033882757,939.365825216817,0.1615685995589855,0.4999999949774285,20,4_6_7_8,y_half,4
mother_z,0.9585406999687608,1.6690326315910498,2976.907681082532,0.9776167329000776,2841.3222065634136,39.35604863493142,-0.0190760329313166,5818.229887645945,41.02508126652247,0.9999999999994884,1,4_6_7_8,z_mean,5
mother_y_adj_xj_minus_xi_pow2,0.9852638542975845,0.5932350045147857,2060.352616158425,0.0267231543288234,916.5550649241072,1.075797627076264,0.9585406999687608,2976.907681082532,1.6690326315910498,0.9999999999812892,2,4_6_7_8,z_mean,5
mother_2d_couple_xz_xi_xj2,0.9876753292820422,0.4961559309102397,1903.6666929241533,0.0024114749844578,156.68592323427129,0.097079073604546,0.9852638542975845,2060.352616158425,0.5932350045147857,0.9999999997926547,3,4_6_7_8,z_mean,5
mother_z_adj_xi2_xj,0.9910078214190564,0.3619993456083485,1625.726602087166,0.0033324921370143,277.94009083698734,0.1341565853018911,0.9876753292820422,1903.6666929241533,0.4961559309102397,0.9999999998499602,4,4_6_7_8,z_mean,5
mother_2d_couple_xy_xj_minus_xi_pow2,0.99163666245195,0.3366840073563278,1563.3487534690585,0.0006288410328936,62.37784861810746,0.0253153382520207,0.9910078214190564,1625.726602087166,0.3619993456083485,0.9999999992048784,5,4_6_7_8,z_mean,5
mother_2d_couple_xz_xi2_xj,0.9930441311663614,0.2800233495418982,1401.7153631665135,0.0014074687144112,161.63339030254474,0.0566606578144296,0.99163666245195,1563.3487534690585,0.3366840073563278,0.9999999996447492,6,4_6_7_8,z_mean,5
mother_x,0.9938595162806246,0.2471982810531963,1292.9975526746216,0.0008153851142632,108.71781049189212,0.0328250684887019,0.9930441311663614,1401.7153631665135,0.2800233495418982,0.9999999993867884,7,4_6_7_8,z_mean,5
mother_x_adj_xj_pow2,0.9942131151667816,0.2329634030150816,1242.3308061257712,0.000353598886157,50.66674654885037,0.0142348780381146,0.9938595162806246,1292.9975526746216,0.2471982810531963,0.9999999985859584,8,4_6_7_8,z_mean,5
mother_z_adj_xj_pow3,0.9943761247280892,0.2264011051258613,1218.9578533575595,0.0001630095613074,23.37295276821169,0.0065622978892203,0.9942131151667816,1242.3308061257712,0.2329634030150816,0.999999996932674,9,4_6_7_8,z_mean,5
mother_x_adj_xi_xj,0.9947681751682306,0.2106182776943152,1156.7902247654165,0.0003920504401414,62.167628592143046,0.015782827431546,0.9943761247280892,1218.9578533575595,0.2264011051258613,0.9999999987246458,10,4_6_7_8,z_mean,5
mother_2d_couple_yz_xi_xj,0.9948457983131284,0.207493392283717,1145.516498571485,7.762314489789812e-05,11.273726193931452,0.0031248854105981,0.9947681751682306,1156.7902247654165,0.2106182776943152,0.999999993558578,11,4_6_7_8,z_mean,5
mother_y_y_y,0.9949309026109004,0.2040673370931379,1132.7317678089353,8.510429777186523e-05,12.78473076254977,0.0034260551905791,0.9948457983131284,1145.516498571485,0.207493392283717,0.999999994124817,12,4_6_7_8,z_mean,5
mother_y_adj_xj,0.9949619668574264,0.2028167795321376,1129.273217988302,3.106424652599138e-05,3.458549820633152,0.0012505575610003,0.9949309026109004,1132.7317678089353,0.2040673370931379,0.9999999839041812,13,4_6_7_8,z_mean,5
mother_2d_couple_yz_xi_xj_pow2,0.9950102487888144,0.2008730873100772,1122.7220396072266,4.828193138806114e-05,6.551178381075488,0.0019436922220603,0.9949619668574264,1129.273217988302,0.2028167795321376,0.999999989644083,14,4_6_7_8,z_mean,5
mother_y_y,0.995072108064076,0.1983828101249676,1113.6444583760072,6.185927526169976e-05,9.077581231219485,0.0024902771851096,0.9950102487888144,1122.7220396072266,0.2008730873100772,0.9999999919170828,15,4_6_7_8,z_mean,5
mother_z_z,0.9950905318159472,0.1976411226616961,1112.3182996118671,1.842375187111056e-05,1.3261587641400183,0.0007416874632714,0.995072108064076,1113.6444583760072,0.1983828101249676,0.999999972860744,16,4_6_7_8,z_mean,5
mother_y_adj_xi2_xj,0.995104954338533,0.197060513225276,1111.705786743681,1.4422522585766371e-05,0.6125128681860588,0.0005806094364201,0.9950905318159472,1112.3182996118671,0.1976411226616961,0.9999999653311872,17,4_6_7_8,z_mean,5
mother_z_adj_xi_xj2,0.9951097276432594,0.1968683536532865,1112.8394490476735,4.773304726479744e-06,-1.1336623039926508,0.0001921595719894,0.995104954338533,1111.705786743681,0.197060513225276,0.4999998952507908,18,4_6_7_8,z_mean,5
mother_y_adj_xj_pow2,0.9951098819424282,0.196862142010843,1114.8114301944174,1.5429916877529593e-07,-1.9719811467437007,6.211642443521015e-06,0.9951097276432594,1112.8394490476735,0.1968683536532865,0.4999967595628445,19,4_6_7_8,z_mean,5
mother_y_adj_xi_xj,0.9951098819424282,0.196862142010843,1116.8114301944174,0.0,-2.0,-5.551115123125783e-17,0.9951098819424282,1114.8114301944174,0.196862142010843,0.0,20,4_6_7_8,z_mean,5
mother_x_x,0.8168649098377132,0.4988312105104915,1904.4419385750848,2.25738249679387,2297.6903130082387,6.148755230158348,-1.4405175869561568,4202.132251583324,6.64758644066884,0.9999999999997784,1,4_6_7_8,z_half,6
mother_x_adj_xi_xj,0.8775728977481209,0.333472190182004,1548.8369602526936,0.0607079879104076,355.6049783223912,0.1653590203284874,0.8168649098377132,1904.4419385750848,0.4988312105104915,0.9999999999917624,2,4_6_7_8,z_half,6
mother_x_adj_xj_pow2,0.9032932994309236,0.2634138573148346,1341.4171880564822,0.0257204016828027,207.4197721962114,0.0700583328671693,0.8775728977481209,1548.8369602526936,0.333472190182004,0.9999999999805578,3,4_6_7_8,z_half,6
mother_2d_couple_xz_xi_xj,0.905474173468622,0.2574734991058647,1323.1622644932484,0.0021808740376983,18.254923563233888,0.0059403582089698,0.9032932994309236,1341.4171880564822,0.2634138573148346,0.9999999997707067,4,4_6_7_8,z_half,6
mother_x_adj_xi_xj_pow2,0.9085875523719092,0.2489931441628099,1295.4218692267923,0.0031133789032871,27.740395266456066,0.0084803549430548,0.905474173468622,1323.1622644932484,0.2574734991058647,0.9999999998393848,5,4_6_7_8,z_half,6
mother_3d_couple_prod_sq_xy2z,0.9102278595234512,0.2445252052151859,1281.342879701041,0.0016403071515419,14.07898952575124,0.0044679389476239,0.9085875523719092,1295.4218692267923,0.2489931441628099,0.9999999996951436,6,4_6_7_8,z_half,6
mother_y_adj_xj_pow3,0.9111976943730784,0.2418835274700514,1273.6973583765716,0.0009698348496274,7.645521324469428,0.0026416777451344,0.9102278595234512,1281.342879701041,0.2445252052151859,0.9999999994843828,7,4_6_7_8,z_half,6
mother_x_adj_xi_xj_pow3,0.9128027504591884,0.237511606885843,1259.5003933557614,0.0016050560861098,14.19696502081024,0.0043719205842084,0.9111976943730784,1273.6973583765716,0.2418835274700514,0.9999999996884492,8,4_6_7_8,z_half,6
mother_z_z_z,0.9134172072552847,0.2358379231197682,1255.220731990205,0.0006144567960965,4.2796613655564215,0.0016736837660747,0.9128027504591884,1259.5003933557614,0.237511606885843,0.9999999991861565,9,4_6_7_8,z_half,6
mother_x_adj_xj_pow3,0.9143697739961162,0.2332432809897437,1247.3969927759567,0.0009525667408313,7.823739214248235,0.0025946421300244,0.9134172072552847,1255.220731990205,0.2358379231197682,0.9999999994750384,10,4_6_7_8,z_half,6
mother_2d_couple_xy_xi_xj_pow3,0.9147590929541404,0.2321828373198073,1245.3504832598005,0.000389318958024,2.0465095161562203,0.0010604436699364,0.9143697739961162,1247.3969927759567,0.2332432809897437,0.9999999987154616,11,4_6_7_8,z_half,6
mother_2d_couple_xz_xi_xj2,0.9149637330036834,0.231625429978909,1245.2160756093915,0.0002046400495431,0.1344076504090026,0.0005574073408982,0.9147590929541404,1245.3504832598005,0.2321828373198073,0.9999999975529654,12,4_6_7_8,z_half,6
mother_z_adj_xj_pow2,0.9151424145958482,0.231138729397188,1245.3482115271636,0.0001786815921648,-0.1321359177720751,0.000486700581721,0.9149637330036834,1245.2160756093915,0.231625429978909,0.4999999972017263,13,4_6_7_8,z_half,6
mother_3d_couple_prod_xyz,0.9152849395588692,0.2307505137921464,1245.855492034179,0.0001425249630209,-0.5072805070153663,0.0003882156050416,0.9151424145958482,1245.3482115271636,0.231138729397188,0.4999999964918427,14,4_6_7_8,z_half,6
mother_y_adj_xi2_xj,0.9154665812353052,0.2302557504059732,1245.949443940152,0.0001816416764361,-0.0939519059729718,0.0004947633861731,0.9152849395588692,1245.855492034179,0.2307505137921464,0.4999999972473278,15,4_6_7_8,z_half,6
mother_x_adj_xi2_xj,0.9156811105440464,0.2296714062768693,1245.6930089447071,0.0002145293087409,0.2564349954445788,0.0005843441291038,0.9154665812353052,1245.949443940152,0.2302557504059732,0.9999999976673664,16,4_6_7_8,z_half,6
mother_y_y_y,0.9158127838226224,0.2293127489551852,1246.305214778617,0.0001316732785761,-0.6122058339096839,0.0003586573216841,0.9156811105440464,1245.6930089447071,0.2296714062768693,0.4999999962027224,17,4_6_7_8,z_half,6
mother_2d_couple_yz_xi_xj2,0.9160607098745625,0.2286374373450688,1245.686252444277,0.0002479260519399,0.6189623343400399,0.0006753116101164,0.9158127838226224,1246.305214778617,0.2293127489551852,0.999999997982462,18,4_6_7_8,z_half,6
mother_y_adj_xi_xj_pow3,0.916122474914957,0.2284691990798627,1247.032594963313,6.1765040394679e-05,-1.346342519035943,0.000168238265206,0.9160607098745625,1245.686252444277,0.2286374373450688,0.4999999919048059,19,4_6_7_8,z_half,6
mother_2d_couple_xz_xj_minus_xi_pow2,0.9161435850305952,0.2284116984417898,1248.8090768991724,2.111011563821208e-05,-1.776481935859465,5.75006380729437e-05,0.916122474914957,1247.032594963313,0.2284691990798627,0.4999999763146737,20,4_6_7_8,z_half,6
mother_x,0.9797517176488718,1.6596626964982315,2918.396547234294,1.5813896517921575,3809.260973563687,129.61955825164253,-0.601637934143286,6727.65752079798,131.27922094814076,0.9999999999996836,1,8_to_12,x_mean,1
mother_y_adj_xj,0.9896240988841976,0.8504670038588265,2337.3912548423928,0.0098723812353258,581.0052923919011,0.8091956926394053,0.9797517176488718,2918.396547234294,1.6596626964982315,0.9999999999493528,2,8_to_12,x_mean,1
mother_x_adj_xj,0.9930924479358528,0.5661816783360767,1984.6000901099096,0.003468349051655,352.79116473248314,0.2842853255227497,0.9896240988841976,2337.3912548423928,0.8504670038588265,0.9999999998558378,3,8_to_12,x_mean,1
mother_z_adj_xi_xj2,0.994422164830396,0.4571906296877544,1800.1537794515416,0.0013297168945431,184.446310658368,0.1089910486483222,0.9930924479358528,1984.6000901099096,0.5661816783360767,0.9999999996239776,4,8_to_12,x_mean,1
mother_2d_couple_xz_xi_xj,0.9946506154061112,0.4384655402242007,1765.6874252203438,0.0002284505757152,34.46635423119778,0.0187250894635536,0.994422164830396,1800.1537794515416,0.4571906296877544,0.9999999978113284,5,8_to_12,x_mean,1
mother_y_adj_xi_xj2,0.9947069265234388,0.4338499654704492,1758.459528388033,5.631111732751215e-05,7.227896832310762,0.0046155747537515,0.9946506154061112,1765.6874252203438,0.4384655402242007,0.9999999911206896,6,8_to_12,x_mean,1
mother_2d_couple_xy_xi2_xj,0.9948243120003356,0.4242283939347638,1740.9033609625803,0.0001173854768967,17.556167425452713,0.0096215715356854,0.9947069265234388,1758.459528388033,0.4338499654704492,0.9999999957405008,7,8_to_12,x_mean,1
mother_2d_couple_xy_xi_xj2,0.9949757741431068,0.411813707892271,1717.0041819503815,0.0001514621427711,23.8991790121986,0.0124146860424927,0.9948243120003356,1740.9033609625803,0.4242283939347638,0.9999999966988242,8,8_to_12,x_mean,1
mother_y,0.9949924280796448,0.4104486579219501,1716.1089389790068,1.6653936538268965e-05,0.8952429713749552,0.0013650499703209,0.9949757741431068,1717.0041819503815,0.411813707892271,0.9999999699765116,9,8_to_12,x_mean,1
mother_y_adj_xi2_xj,0.9950235698699046,0.4078961022681,1712.6690905019314,3.1141790259647806e-05,3.4398484770754294,0.00255255565385,0.9949924280796448,1716.1089389790068,0.4104486579219501,0.9999999839442592,10,8_to_12,x_mean,1
mother_2d_couple_xz_xi_xj_pow3,0.995035906440284,0.4068849278234593,1712.5047186379757,1.2336570379356536e-05,0.1643718639556937,0.0010111744446406,0.9950235698699046,1712.6690905019314,0.4078961022681,0.9999999594670586,11,8_to_12,x_mean,1
mother_x_adj_xi_xj2,0.9950597918291066,0.4049271474975581,1710.2988493100852,2.388538882269753e-05,2.2058693278904684,0.0019577803259012,0.995035906440284,1712.5047186379757,0.4068849278234593,0.9999999790664746,12,8_to_12,x_mean,1
mother_3d_couple_prod_sq_xyz2,0.9950981365699312,0.4017841976487941,1705.5041856391738,3.8344740824425294e-05,4.7946636709114046,0.003142949848764,0.9950597918291066,1710.2988493100852,0.4049271474975581,0.999999986960298,13,8_to_12,x_mean,1
mother_2d_couple_xz_xj_minus_xi_pow2,0.9951161312910242,0.4003092494623602,1704.2971870708725,1.79947210930953e-05,1.2069985683012874,0.0014749481864338,0.9950981365699312,1705.5041856391738,0.4017841976487941,0.9999999722136608,14,8_to_12,x_mean,1
mother_2d_couple_xy_xj_minus_xi_pow2,0.9951407867568408,0.3982883493103826,1701.883878799329,2.465546581664757e-05,2.4133082715434284,0.0020209001519775,0.9951161312910242,1704.2971870708725,0.4003092494623602,0.9999999797203148,15,8_to_12,x_mean,1
mother_x_adj_xj_pow3,0.9951934001181674,0.393975863361363,1694.3907707483918,5.261336132655892e-05,7.49310805093728,0.0043124859490196,0.9951407867568408,1701.883878799329,0.3982883493103826,0.999999990496644,16,8_to_12,x_mean,1
mother_z_adj_xj_pow3,0.9952093111311252,0.392671707571163,1693.4994508410507,1.5911012957947612e-05,0.8913199073410851,0.0013041557901999,0.9951934001181674,1694.3907707483918,0.393975863361363,0.9999999685746662,17,8_to_12,x_mean,1
mother_y_adj_xi_xj,0.9952168976771936,0.3920498717390569,1694.117455051991,7.586546068139022e-06,-0.6180042109406259,0.000621835832106,0.9952093111311252,1693.4994508410507,0.392671707571163,0.4999999340938643,18,8_to_12,x_mean,1
mother_x_adj_xi_xj,0.9952184628161816,0.3919215841762799,1695.8320702847373,1.5651389880799726e-06,-1.7146152327459276,0.0001282875627769,0.9952168976771936,1694.117455051991,0.3920498717390569,0.4999996805397576,19,8_to_12,x_mean,1
mother_z_adj_xi_xj_pow3,0.9952188168484236,0.3918925657096524,1697.7675036960518,3.540322420780839e-07,-1.9354334113145344,2.901846662750618e-05,0.9952184628161816,1695.8320702847373,0.3919215841762799,0.499998587703242,20,8_to_12,x_mean,1
mother_y_adj_xj_minus_xi_pow2,0.0636436120976239,1.6552832609773085,2916.092515708596,5.432091694120573,1669.7242184139222,9.602807829948953,-5.368448082022949,4585.816734122518,11.25809109092626,0.9999999999999076,1,8_to_12,x_half,2
mother_z_adj_xj,0.4254437681346473,1.0156958668562763,2492.2092956381643,0.3618001560370234,423.8832200704314,0.6395873941210322,0.0636436120976239,2916.092515708596,1.6552832609773085,0.9999999999986168,2,8_to_12,x_half,2
mother_y_y,0.5377461126320968,0.8171686891525276,2304.563515985117,0.1123023444974494,187.6457796530472,0.1985271777037487,0.4254437681346473,2492.2092956381643,1.0156958668562763,0.9999999999955452,3,8_to_12,x_half,2
mother_z_adj_xi_xj2,0.6118412658260968,0.686183875692415,2154.225189895249,0.0740951531939999,150.33832608986768,0.1309848134601126,0.5377461126320968,2304.563515985117,0.8171686891525276,0.9999999999932484,4,8_to_12,x_half,2
mother_x_adj_xj_minus_xi_pow2,0.6294211941637242,0.6551062203440656,2115.8095235463124,0.0175799283376274,38.415666348937066,0.0310776553483493,0.6118412658260968,2154.225189895249,0.686183875692415,0.9999999999715454,5,8_to_12,x_half,2
mother_y_adj_xj_pow3,0.6576994342771202,0.6051161758328494,2048.5928447846304,0.0282782401133959,67.21667876168203,0.0499900445112162,0.6294211941637242,2115.8095235463124,0.6551062203440656,0.9999999999823111,6,8_to_12,x_half,2
mother_y_adj_xi_xj,0.6620000613209445,0.5975135620745389,2039.5677265749573,0.0043006270438242,9.02511820967311,0.0076026137583105,0.6576994342771202,2048.5928447846304,0.6051161758328494,0.9999999998836824,7,8_to_12,x_half,2
mother_x_adj_xj_pow3,0.6649716654186715,0.5922603843477994,2033.8674390393785,0.002971604097727,5.700287535578809,0.0052531777267395,0.6620000613209445,2039.5677265749573,0.5975135620745389,0.999999999831653,8,8_to_12,x_half,2
mother_z_adj_xj_pow2,0.6826090102695939,0.5610812285509148,1988.7090781078875,0.0176373448509223,45.15836093149119,0.0311791557968845,0.6649716654186715,2033.8674390393785,0.5922603843477994,0.99999999997164,9,8_to_12,x_half,2
mother_2d_couple_yz_xi_xj,0.6852331636159091,0.5564422714566785,1983.469509863636,0.0026241533463152,5.239568244251586,0.0046389570942363,0.6826090102695939,1988.7090781078875,0.5610812285509148,0.9999999998093668,10,8_to_12,x_half,2
mother_2d_couple_yz_xi_xj_pow3,0.6910868283919613,0.5460942101369091,1969.1003926523176,0.0058536647760522,14.369117211317873,0.0103480613197693,0.6852331636159091,1983.469509863636,0.5564422714566785,0.9999999999145486,11,8_to_12,x_half,2
mother_y_y_y,0.6927461492905331,0.5431608760522781,1966.4038371116355,0.0016593208985717,2.6965555406825388,0.0029333340846309,0.6910868283919613,1969.1003926523176,0.5460942101369091,0.9999999996984864,12,8_to_12,x_half,2
mother_y_adj_xi_xj_pow3,0.693251910615317,0.5422667952666067,1966.9672814717967,0.0005057613247838,-0.5634443601618386,0.0008940807856714,0.6927461492905331,1966.4038371116355,0.5431608760522781,0.4999999990113914,13,8_to_12,x_half,2
mother_z_adj_xi2_xj,0.6936103841010414,0.5416330887333997,1967.9476445697624,0.0003584734857243,-0.9803630979652098,0.000633706533207,0.693251910615317,1966.9672814717967,0.5422667952666067,0.4999999986051967,14,8_to_12,x_half,2
mother_z_adj_xj_pow3,0.6938150130873768,0.5412713472638396,1969.365065788656,0.0002046289863354,-1.417421218893196,0.00036174146956,0.6936103841010414,1967.9476445697624,0.5416330887333997,0.4999999975565534,15,8_to_12,x_half,2
mother_x_adj_xj_pow2,0.6939259664401648,0.541075204822786,1971.0490187515184,0.0001109533527879,-1.6839529628630316,0.0001961424410535,0.6938150130873768,1969.365065788656,0.5412713472638396,0.4999999954936017,16,8_to_12,x_half,2
mother_x_adj_xi_xj,0.6944691169664914,0.5401150277085641,1971.500216998558,0.0005431505263265,-0.4511982470394287,0.0009601771142219,0.6939259664401648,1971.0490187515184,0.541075204822786,0.4999999990794448,17,8_to_12,x_half,2
mother_2d_couple_xz_xi_xj,0.6947775446924713,0.5395697916652884,1972.619504661733,0.0003084277259799,-1.1192876631748732,0.0005452360432757,0.6944691169664914,1971.500216998558,0.5401150277085641,0.4999999983788746,18,8_to_12,x_half,2
mother_2d_couple_xy_xi_xj,0.6949106615147507,0.5393344688218491,1974.2391159094625,0.0001331168222793,-1.6196112477296083,0.0002353228434393,0.6947775446924713,1972.619504661733,0.5395697916652884,0.4999999962439008,19,8_to_12,x_half,2
mother_x_adj_xi2_xj,0.6949539619734382,0.5392579226206548,1976.115346655974,4.3300458687500765e-05,-1.87623074651151,7.654620119434963e-05,0.6949106615147507,1974.2391159094625,0.5393344688218491,0.4999999884527784,20,8_to_12,x_half,2
mother_y,0.844630902740046,2.552595342496844,3293.7892651242714,0.8549592141518139,1630.5819954400354,14.046325469840916,-0.0103283114117678,4924.371260564307,16.59892081233776,0.9999999999994148,1,8_to_12,y_mean,3
mother_z_adj_xi_xj2,0.9515305787140692,0.7963154913681358,2280.0222338792,0.1068996759740232,1013.7670312450714,1.756279851128708,0.844630902740046,3293.7892651242714,2.552595342496844,0.9999999999953222,2,8_to_12,y_mean,3
mother_z_adj_xi2_xj,0.9646408493266794,0.5809237803084414,2007.0144559762784,0.01311027061261,273.0077779029216,0.2153917110596944,0.9515305787140692,2280.0222338792,0.7963154913681358,0.99999999996186,3,8_to_12,y_mean,3
mother_y_adj_xi_xj,0.9676959171750276,0.5307313540265413,1930.2174032543712,0.0030550678483483,76.79705272190722,0.0501924262819001,0.9646408493266794,2007.0144559762784,0.5809237803084414,0.999999999836331,4,8_to_12,y_mean,3
mother_2d_couple_yz_xi_xj2,0.9714418851560652,0.4691879674060973,1824.741225815868,0.0037459679810374,105.47617743850331,0.0615433866204438,0.9676959171750276,1930.2174032543712,0.5307313540265413,0.9999999998665184,5,8_to_12,y_mean,3
mother_x_adj_xj_pow3,0.9754512604881936,0.4033169996293477,1694.8245258560069,0.0040093753321286,129.91669995986103,0.0658709677767496,0.9714418851560652,1824.741225815868,0.4691879674060973,0.9999999998752884,6,8_to_12,y_mean,3
mother_x_x,0.9790587680672296,0.3440484114308733,1558.228432579905,0.0036075075790358,136.59609327610178,0.0592685881984744,0.9754512604881936,1694.8245258560069,0.4033169996293477,0.9999999998613964,7,8_to_12,y_mean,3
mother_2d_couple_xy_xi2_xj,0.9813977223110124,0.3056211835310781,1456.952235654725,0.0023389542437829,101.2761969251801,0.0384272278997951,0.9790587680672296,1558.228432579905,0.3440484114308733,0.9999999997862244,8,8_to_12,y_mean,3
mother_z,0.9837965018993582,0.2662110710127396,1338.566637557013,0.0023987795883456,118.38559809771186,0.0394101125183384,0.9813977223110124,1456.952235654725,0.3056211835310781,0.9999999997915564,9,8_to_12,y_mean,3
mother_x_adj_xi_xj2,0.9855614612443548,0.2372141399422251,1240.002176394108,0.0017649593449966,98.564461162905,0.0289969310705145,0.9837965018993582,1338.566637557013,0.2662110710127396,0.9999999997167024,10,8_to_12,y_mean,3
mother_y_y_y,0.9864529421228884,0.2225677914816818,1186.4282724434092,0.0008914808785334,53.57390395069888,0.0146463484605432,0.9855614612443548,1240.002176394108,0.2372141399422251,0.9999999994391262,11,8_to_12,y_mean,3
mother_2d_couple_yz_xi_xj_pow2,0.9870363837595304,0.2129822919803251,1150.0404693179537,0.0005834416366421,36.387803125455775,0.0095854995013567,0.9864529421228884,1186.4282724434092,0.2225677914816818,0.9999999991430024,12,8_to_12,y_mean,3
mother_3d_couple_prod_xyz,0.9871963753497568,0.2103537526166267,1141.211645216145,0.0001599915902262,8.82882410180855,0.0026285393636983,0.9870363837595304,1150.0404693179537,0.2129822919803251,0.9999999968747793,13,8_to_12,y_mean,3
mother_x_adj_xi_xj,0.9872884955736452,0.208840287850503,1136.9150527886627,9.212022388838116e-05,4.29659242748221,0.0015134647661237,0.9871963753497568,1141.211645216145,0.2103537526166267,0.9999999945721938,14,8_to_12,y_mean,3
mother_2d_couple_yz_xi2_xj,0.9873804876831748,0.2073289279052306,1132.581515293965,9.199210952970382e-05,4.333537494697794,0.0015113599452723,0.9872884955736452,1136.9150527886627,0.208840287850503,0.9999999945646358,15,8_to_12,y_mean,3
mother_x_adj_xj_pow2,0.9874546113047302,0.2061111335401445,1129.4445203266907,7.412362155545527e-05,3.136994967274177,0.001217794365086,0.9873804876831748,1132.581515293965,0.2073289279052306,0.9999999932543526,16,8_to_12,y_mean,3
mother_y_adj_xj_pow3,0.9875120775437096,0.2051670072205859,1127.4410029246228,5.746623897928682e-05,2.003517402067928,0.0009441263195586,0.9874546113047302,1129.4445203266907,0.2061111335401445,0.9999999912989898,17,8_to_12,y_mean,3
mother_z_adj_xj_minus_xi,0.9875326890431064,0.2048283760623268,1128.0005650602584,2.0611499397027444e-05,-0.5595621356355878,0.0003386311582591,0.9875120775437096,1127.4410029246228,0.2051670072205859,0.4999999757416981,18,8_to_12,y_mean,3
mother_2d_couple_xy_xi_xj,0.9875434357789152,0.2046518154189558,1129.2485829435957,1.0746735808697672e-05,-1.24801788333707,0.0001765606433709,0.9875326890431064,1128.0005650602584,0.2048283760623268,0.4999999534742491,19,8_to_12,y_mean,3
mother_y_adj_xi_xj2,0.9875461729944977,0.2046068450621086,1131.056947896545,2.737215582304664e-06,-1.808364952949205,4.497035684719597e-05,0.9875434357789152,1129.2485829435957,0.2046518154189558,0.4999998173326864,20,8_to_12,y_mean,3
mother_2d_couple_yz_xj_minus_xi_pow2,0.8539338576459754,0.406771944130527,1692.2625482974645,1.627128675512576,2174.9293666225008,4.531305366335935,-0.7731948178666006,3867.191914919965,4.938077310466461,0.9999999999996924,1,8_to_12,y_half,4
mother_x_adj_xj,0.8920487029742318,0.3006279090752877,1430.587731558368,0.0381148453282563,261.6748167390965,0.1061440350552393,0.8539338576459754,1692.2625482974645,0.406771944130527,0.9999999999868798,2,8_to_12,y_half,4
mother_2d_couple_yz_xi_xj,0.8969088401343592,0.2870931678306367,1392.417719226495,0.0048601371601274,38.17001233187307,0.0135347412446509,0.8920487029742318,1430.587731558368,0.3006279090752877,0.9999999998971092,3,8_to_12,y_half,4
mother_z,0.9005706445254549,0.2768956007066863,1362.8807516004035,0.0036618043910956,29.536967626091386,0.0101975671239504,0.8969088401343592,1392.417719226495,0.2870931678306367,0.9999999998634383,4,8_to_12,y_half,4
mother_x_adj_xj_pow3,0.9209253464462528,0.220210858170989,1165.1447839076577,0.020354701920798,197.73596769274585,0.0566847425356972,0.9005706445254549,1362.8807516004035,0.2768956007066863,0.9999999999754332,5,8_to_12,y_half,4
mother_3d_couple_prod_xyz,0.922679557361916,0.2153256481347732,1147.5823281757994,0.0017542109156629,17.562455731858336,0.0048852100362158,0.9209253464462528,1165.1447839076577,0.220210858170989,0.9999999997149432,6,8_to_12,y_half,4
mother_z_adj_xi2_xj,0.9239054055761288,0.2119118476929446,1135.646766010423,0.001225848214213,11.93556216537604,0.0034138004418285,0.922679557361916,1147.5823281757994,0.2153256481347732,0.9999999995920772,7,8_to_12,y_half,4
mother_z_adj_xi_xj_pow2,0.925467983593874,0.2075603060701552,1119.554120819531,0.0015625780177451,16.092645190892426,0.0043515416227893,0.9239054055761288,1135.646766010423,0.2119118476929446,0.9999999996799848,8,8_to_12,y_half,4
mother_2d_couple_xz_xi2_xj,0.9268292861403806,0.2037692859578403,1105.480085746694,0.0013613025465065,14.074035072836978,0.0037910201123148,0.925467983593874,1119.554120819531,0.2075603060701552,0.9999999996326692,9,8_to_12,y_half,4
mother_y_y_y,0.927329297534177,0.2023768304341708,1101.500828897389,0.0005000113937964,3.9792568493048743,0.0013924555236695,0.9268292861403806,1105.480085746694,0.2037692859578403,0.9999999989998972,10,8_to_12,y_half,4
mother_y_y,0.9279150071927345,0.2007457183046403,1096.4442276556265,0.0005857096585573,5.056601241762792,0.0016311121295304,0.927329297534177,1101.500828897389,0.2023768304341708,0.9999999991462358,11,8_to_12,y_half,4
mother_y_adj_xj,0.9282261160527592,0.1998793275463919,1094.6726515807409,0.0003111088600248,1.7715760748853882,0.0008663907582483,0.9279150071927345,1096.4442276556265,0.2007457183046403,0.9999999983925631,12,8_to_12,y_half,4
mother_2d_couple_xz_xi_xj2,0.928571445412398,0.1989176379123547,1092.4670278721624,0.0003453293596389,2.205623708578514,0.0009616896340372,0.9282261160527592,1094.6726515807409,0.1998793275463919,0.9999999985518802,13,8_to_12,y_half,4
mother_2d_couple_yz_xi_xj_pow3,0.9288277259214204,0.1982039357551149,1091.332728491725,0.0002562805090222,1.134299380437369,0.0007137021572397,0.928571445412398,1092.4670278721624,0.1989176379123547,0.999999998048572,14,8_to_12,y_half,4
mother_x_adj_xj_pow2,0.9294336594877928,0.1965165031246984,1085.8770709034693,0.0006059335663723,5.45565758825569,0.0016874326304164,0.9288277259214204,1091.332728491725,0.1982039357551149,0.9999999991747354,15,8_to_12,y_half,4
mother_y_adj_xi2_xj,0.9294898223116066,0.1963600982203006,1087.1827812289353,5.6162823813821205e-05,-1.3057103254659523,0.0001564049043978,0.9294336594877928,1085.8770709034693,0.1965165031246984,0.4999999910973138,16,8_to_12,y_half,4
mother_2d_couple_xy_xi_xj_pow2,0.9295457461746977,0.1962043587850958,1088.490895898005,5.5923863090945325e-05,-1.3081146690697096,0.0001557394352048,0.9294898223116066,1087.1827812289353,0.1963600982203006,0.499999991059273,17,8_to_12,y_half,4
mother_z_adj_xj_minus_xi,0.9295760748981984,0.1961198979126266,1090.1154417644734,3.0328723500727683e-05,-1.624545866468452,8.446087246913314e-05,0.9295457461746977,1088.490895898005,0.1962043587850958,0.4999999835139787,18,8_to_12,y_half,4
mother_z_adj_xi_xj2,0.9295907950234232,0.1960789046074084,1091.9331558316724,1.472012522496513e-05,-1.817714067198949,4.09933052182565e-05,0.9295760748981984,1090.1154417644734,0.1961198979126266,0.4999999660329,19,8_to_12,y_half,4
mother_y_adj_xi_xj,0.929599660518682,0.1960542155543257,1093.8233520267415,8.865495258914002e-06,-1.8901961950691657,2.46890530826438e-05,0.9295907950234232,1091.9331558316724,0.1960789046074084,0.4999999436015779,20,8_to_12,y_half,4
mother_z_adj_xj_minus_xi,0.902546323106044,2.484109207832975,3270.0739211856107,1.21389677280994,2264.7078488840243,30.94241537933112,-0.3113504497038961,5534.781770069635,33.426524587164096,0.999999999999588,1,8_to_12,z_mean,5
mother_2d_couple_yz_xj_minus_xi_pow2,0.9483718593586812,1.3160092429344752,2718.0833646765823,0.045825536252637,551.9905565090285,1.1680999648984998,0.902546323106044,3270.0739211856107,2.484109207832975,0.999999999989088,2,8_to_12,z_mean,5
mother_x_adj_xj_minus_xi,0.9661523248469016,0.8627824438378452,2351.927956550313,0.0177804654882205,366.1554081262693,0.45322679909663,0.9483718593586812,2718.0833646765823,1.3160092429344752,0.9999999999718778,3,8_to_12,z_mean,5
mother_x_adj_xj_pow3,0.9720197388443929,0.7132211589086375,2187.9244329534213,0.0058674139974911,164.00352359689168,0.1495612849292077,0.9661523248469016,2351.927956550313,0.8627824438378452,0.9999999999147804,4,8_to_12,z_mean,5
mother_z_z_z,0.9747366273705834,0.6439672526459741,2100.8551455343627,0.0027168885261905,87.06928741905858,0.0692539062626633,0.9720197388443929,2187.9244329534213,0.7132211589086375,0.9999999998159602,5,8_to_12,z_mean,5
mother_2d_couple_xz_xi2_xj,0.9778541445800536,0.5645012596486063,1988.0081589413896,0.0031175172094702,112.84698659297284,0.0794659929973677,0.9747366273705834,2100.8551455343627,0.6439672526459741,0.9999999998396116,6,8_to_12,z_mean,5
mother_z,0.979730801403315,0.5166649886818512,1912.7943539523865,0.0018766568232613,75.21380498900362,0.0478362709667551,0.9778541445800536,1988.0081589413896,0.5645012596486063,0.9999999997335608,7,8_to_12,z_mean,5
mother_x_adj_xj_pow2,0.9814152954399394,0.4737269766920944,1839.1365677186789,0.0016844940366244,73.65778623370738,0.0429380119897567,0.979730801403315,1912.7943539523865,0.5166649886818512,0.9999999997031682,8,8_to_12,z_mean,5
mother_x_adj_xi2_xj,0.9818197554411472,0.4634172290743277,1821.949632397277,0.0004044600012076,17.186935321401734,0.0103097476177666,0.9814152954399394,1839.1365677186789,0.4737269766920944,0.9999999987637548,9,8_to_12,z_mean,5
mother_y_adj_xj_pow2,0.9819529627987988,0.4600217530467415,1817.5369327011856,0.0001332073576516,4.412699696091522,0.0033954760275862,0.9818197554411472,1821.949632397277,0.4634172290743277,0.9999999962463404,10,8_to_12,z_mean,5
mother_2d_couple_yz_xi2_xj,0.9820933049325178,0.4564444104802043,1812.729352267668,0.000140342133719,4.807580433517614,0.0035773425665372,0.9819529627987988,1817.5369327011856,0.4600217530467415,0.999999996437174,11,8_to_12,z_mean,5
mother_y_adj_xi_xj2,0.9823507003716758,0.4498833611607142,1802.104041359276,0.000257395439158,10.625310908392066,0.00656104931949,0.9820933049325178,1812.729352267668,0.4564444104802043,0.9999999980574166,12,8_to_12,z_mean,5
mother_z_adj_xi_xj2,0.9824493881356324,0.447367794883907,1799.2144861303627,9.86877639567174e-05,2.889555228913196,0.0025155662768071,0.9823507003716758,1802.104041359276,0.4498833611607142,0.9999999949333428,13,8_to_12,z_mean,5
mother_2d_couple_xy_xi_xj,0.9825191553036569,0.4455894190440528,1797.741204861318,6.976716802420402e-05,1.473281269044719,0.0017783758398541,0.9824493881356324,1799.2144861303627,0.447367794883907,0.999999992832966,14,8_to_12,z_mean,5
mother_y,0.9825574236114434,0.4446139539946987,1797.83016770004,3.826830778663748e-05,-0.0889628387219545,0.0009754650493541,0.9825191553036569,1797.741204861318,0.4455894190440528,0.4999999869343585,15,8_to_12,z_mean,5
mother_y_adj_xi2_xj,0.9825616536063906,0.4445061307731197,1799.618673546914,4.229994947202442e-06,-1.7885058468739317,0.000107823221579,0.9825574236114434,1797.83016770004,0.4446139539946987,0.499999881796577,16,8_to_12,z_mean,5
mother_x_adj_xi_xj,0.98256498659328,0.4444211724248514,1801.4519924704096,3.3329868893705594e-06,-1.8333189234956533,8.495834826827142e-05,0.9825616536063906,1799.618673546914,0.4445061307731197,0.4999998499844534,17,8_to_12,z_mean,5
mother_z_adj_xi2_xj,0.9825657838646644,0.4444008498546778,1803.4121165880613,7.972713845783019e-07,-1.960124117651958,2.032257017353656e-05,0.98256498659328,1801.4519924704096,0.4444211724248514,0.49999937286176,18,8_to_12,z_mean,5
mother_y_adj_xj_pow3,0.9825658447886264,0.444399296893524,1805.4090693740595,6.092396176438086e-08,-1.996952785997792,1.552961153894472e-06,0.9825657838646644,1803.4121165880613,0.4444008498546778,0.4999917931831958,19,8_to_12,z_mean,5
mother_z_adj_xj,0.9825658447886264,0.4443992968935241,1807.4090693740595,0.0,-2.000000000000228,-1.1102230246251563e-16,0.9825658447886264,1805.4090693740595,0.444399296893524,0.0,20,8_to_12,z_mean,5
mother_z_adj_xj_pow2,0.6798364338273621,0.917207006724692,2401.2687404992766,4.894133292599393,2431.16559597348,14.020750085586691,-4.21429685877203,4832.4343364727565,14.937957092311382,0.9999999999998976,1,8_to_12,z_half,6
mother_2d_couple_xz_xi_xj,0.7822993502112762,0.6236704686349814,2066.9286992594034,0.102462916383914,334.34004123987324,0.2935365380897107,0.6798364338273621,2401.2687404992766,0.917207006724692,0.9999999999951186,2,8_to_12,z_half,6
mother_x_x,0.8069329328835779,0.5530999946180095,1964.2160385760008,0.0246335826723017,102.71266068340265,0.0705704740169719,0.7822993502112762,2066.9286992594034,0.6236704686349814,0.9999999999796976,3,8_to_12,z_half,6
mother_2d_couple_yz_xi_xj,0.8205744493427167,0.5140196750543351,1902.318264166007,0.0136415164591388,61.89777440999365,0.0390803195636744,0.8069329328835779,1964.2160385760008,0.5530999946180095,0.9999999999633392,4,8_to_12,z_half,6
mother_2d_couple_xy_xj_minus_xi_pow2,0.8240026408277995,0.5041985661502184,1887.496187694662,0.0034281914850827,14.8220764713451,0.0098211089041166,0.8205744493427167,1902.318264166007,0.5140196750543351,0.9999999998541168,5,8_to_12,z_half,6
mother_z_adj_xj_minus_xi_pow2,0.8255208141357385,0.4998492917711555,1881.9415856901903,0.001518173307939,5.554602004471462,0.0043492743790628,0.8240026408277995,1887.496187694662,0.5041985661502184,0.9999999996705669,6,8_to_12,z_half,6
mother_z_adj_xi2_xj,0.8266189156857516,0.4967034421424561,1878.4362272785008,0.0010981015500131,3.50535841168994,0.0031458496286994,0.8255208141357385,1881.9415856901903,0.4998492917711555,0.999999999544526,7,8_to_12,z_half,6
mother_2d_couple_xz_xi2_xj,0.8334991287610357,0.4769929556687809,1845.1277009088096,0.006880213075284,33.30852636969075,0.0197104864736751,0.8266189156857516,1878.4362272785008,0.4967034421424561,0.9999999999273128,8,8_to_12,z_half,6
mother_2d_couple_yz_xi_xj2,0.8348456677574722,0.4731353805638936,1840.0469227730016,0.0013465389964364,5.080778135808259,0.0038575751048873,0.8334991287610357,1845.1277009088096,0.4769929556687809,0.9999999996285792,9,8_to_12,z_half,6
mother_z_adj_xi_xj,0.8355850592751866,0.4710171661497188,1838.134237106702,0.0007393915177144,1.912685666299467,0.0021182144141748,0.8348456677574722,1840.0469227730016,0.4731353805638936,0.9999999993235068,10,8_to_12,z_half,6
mother_x_adj_xj_pow2,0.8373717115513977,0.4658987511910415,1830.606589718196,0.0017866522762111,7.527647388506466,0.0051184149586772,0.8355850592751866,1838.134237106702,0.4710171661497188,0.9999999997200806,11,8_to_12,z_half,6
mother_y_y_y,0.8381042074328409,0.4638002914478291,1828.6701330377505,0.0007324958814431,1.9364566804451897,0.0020984597432123,0.8373717115513977,1830.606589718196,0.4658987511910415,0.999999999317144,12,8_to_12,z_half,6
mother_z_adj_xj_pow3,0.8388712507693862,0.4616028598938542,1826.5288808413077,0.0007670433365453,2.14125219644302,0.0021974315539748,0.8381042074328409,1828.6701330377505,0.4638002914478291,0.9999999993479128,13,8_to_12,z_half,6
mother_z_adj_xj,0.8392887315263922,0.4604068578625295,1826.266617578388,0.0004174807570059,0.2622632629195323,0.0011960020313247,0.8388712507693862,1826.5288808413077,0.4616028598938542,0.9999999988004336,14,8_to_12,z_half,6
mother_2d_couple_xy_xi_xj,0.839401707720468,0.4600832028069647,1827.6534067852635,0.0001129761940757,-1.3867892068756191,0.0003236550555647,0.8392887315263922,1826.266617578388,0.4604068578625295,0.4999999955742889,15,8_to_12,z_half,6
mother_x_adj_xi_xj,0.8394659031846798,0.4598992951553886,1829.304775208759,6.419546421188027e-05,-1.651368423495569,0.0001839076515761,0.839401707720468,1827.6534067852635,0.4600832028069647,0.4999999922112879,16,8_to_12,z_half,6
mother_y_adj_xi_xj,0.8394689420744015,0.459890589321122,1831.2882682051293,3.0388897216404587e-06,-1.9834929963703871,8.7058342666535e-06,0.8394659031846798,1829.304775208759,0.4598992951553886,0.4999998354662784,17,8_to_12,z_half,6
mother_y_y,0.8394689420744015,0.4598905893211219,1833.2882682051293,0.0,-2.0,5.551115123125783e-17,0.8394689420744015,1831.2882682051293,0.459890589321122,0.0,18,8_to_12,z_half,6
mother_z_z,0.8394689420744015,0.4598905893211219,1835.2882682051293,0.0,-2.0,0.0,0.8394689420744015,1833.2882682051293,0.4598905893211219,0.0,19,8_to_12,z_half,6
mother_x_adj_xj_minus_xi_pow2,0.8394689420744015,0.4598905893211219,1837.2882682051293,0.0,-2.0,0.0,0.8394689420744015,1835.2882682051293,0.4598905893211219,0.0,20,8_to_12,z_half,6
mother_x_adj_xj_pow3,0.9851005952271296,0.8361455057414515,1161.2910537894677,1.020805617731577,1847.3011464501203,57.28698847460406,-0.0357050225044472,3008.592200239588,58.12313398034551,0.99999999999951,1,12_to_14,x_mean,1
mother_x,0.9892568094967992,0.6029012966297946,1020.6976236387356,0.0041562142696693,140.59343015073205,0.2332442091116568,0.9851005952271296,1161.2910537894677,0.8361455057414515,0.9999999998796948,2,12_to_14,x_mean,1
mother_x_x_x,0.9896191438479716,0.5825673139018229,1007.739005570114,0.0003623343511724,12.958618068621604,0.0203339827279717,0.9892568094967992,1020.6976236387356,0.6029012966297946,0.9999999986200204,3,12_to_14,x_mean,1
mother_2d_couple_xy_xj_minus_xi_pow2,0.9910935335401432,0.4998254639008424,942.9500081820844,0.0014743896921715,64.78899738802954,0.0827418500009805,0.9896191438479716,1007.739005570114,0.5825673139018229,0.999999999660869,4,12_to_14,x_mean,1
mother_3d_couple_prod_xyz,0.991313201501928,0.4874978319046724,934.0617268893628,0.0002196679617849,8.888281292721786,0.0123276319961699,0.9910935335401432,942.9500081820844,0.4998254639008424,0.9999999977237812,5,12_to_14,x_mean,1
mother_y_adj_xj_pow3,0.9914200924731064,0.4814991758162229,930.6634698360652,0.0001068909711783,3.398257053297584,0.0059986560884495,0.991313201501928,934.0617268893628,0.4874978319046724,0.9999999953221894,6,12_to_14,x_mean,1
mother_z_adj_xj_pow2,0.9915790496050668,0.4725785985501857,924.5100778659314,0.0001589571319605,6.153391970133725,0.0089205772660372,0.9914200924731064,930.6634698360652,0.4814991758162229,0.9999999968544168,7,12_to_14,x_mean,1
mother_2d_couple_xy_xi_xj2,0.9917552084580608,0.4626926711945038,917.292591983204,0.0001761588529939,7.217485882727487,0.0098859273556818,0.9915790496050668,924.5100778659314,0.4725785985501857,0.9999999971615836,8,12_to_14,x_mean,1
mother_z_adj_xj,0.9918491918585004,0.4574183801010267,914.2940299051836,9.398340043942356e-05,2.9985620780202,0.0052742910934771,0.9917552084580608,917.292591983204,0.4626926711945038,0.9999999946797448,9,12_to_14,x_mean,1
mother_x_adj_xi2_xj,0.9919091963089294,0.4540509669515962,913.0724211525484,6.000445042908531e-05,1.221608752635234,0.0033674131494305,0.9918491918585004,914.2940299051836,0.4574183801010267,0.9999999916668756,10,12_to_14,x_mean,1
mother_x_adj_xj_minus_xi,0.9919891579549852,0.4495635681594722,910.741986257658,7.99616460557262e-05,2.3304348948903453,0.0044873987921239,0.9919091963089294,913.0724211525484,0.4540509669515962,0.9999999937467876,11,12_to_14,x_mean,1
mother_2d_couple_xy_xi_xj_pow2,0.9920198791369144,0.4478395141725592,911.0667335693526,3.072118192937179e-05,-0.3247473116944093,0.001724053986913,0.9919891579549852,910.741986257658,0.4495635681594722,0.499999983724585,12,12_to_14,x_mean,1
mother_3d_couple_prod_sq_xyz2,0.9920540667622608,0.4459209254959539,911.1948540124288,3.418762534646014e-05,-0.1281204430762272,0.0019185886766052,0.9920198791369144,911.0667335693526,0.4478395141725592,0.4999999853748255,13,12_to_14,x_mean,1
mother_2d_couple_xy_xi_xj_pow3,0.992080403806752,0.4444429066273084,911.7473180829348,2.633704449117591e-05,-0.5524640705060619,0.0014780188686455,0.9920540667622608,911.1948540124288,0.4459209254959539,0.4999999810153345,14,12_to_14,x_mean,1
mother_2d_couple_xz_xi_xj,0.9921155592979768,0.4424700019081181,911.8075833737106,3.515549122456996e-05,-0.0602652907757601,0.0019729047191903,0.992080403806752,911.7473180829348,0.4444429066273084,0.4999999857774712,15,12_to_14,x_mean,1
mother_y_adj_xi2_xj,0.9921283009704044,0.4417549470251646,913.102414406686,1.2741672427596384e-05,-1.294831032975253,0.0007150548829534,0.9921155592979768,911.8075833737106,0.4424700019081181,0.4999999607586866,16,12_to_14,x_mean,1
mother_2d_couple_xz_xj_minus_xi_pow2,0.9921322278766344,0.441534571443335,914.884855489338,3.9269062300784086e-06,-1.7824410826520989,0.0002203755818296,0.9921283009704044,913.102414406686,0.4417549470251646,0.4999998726733353,17,12_to_14,x_mean,1
mother_2d_couple_xz_xi_xj_pow3,0.9921439981889428,0.440874028697635,916.2321041655804,1.1770312308478914e-05,-1.347248676242316,0.0006605427456999,0.9921322278766344,914.884855489338,0.441534571443335,0.4999999575202472,18,12_to_14,x_mean,1
mother_2d_couple_yz_xi2_xj,0.9921486483127802,0.4406130665849256,917.9739506768356,4.650123837324216e-06,-1.7418465112552894,0.0002609621127094,0.9921439981889428,916.2321041655804,0.440874028697635,0.4999998924760049,19,12_to_14,x_mean,1
mother_x_adj_xj,0.9921486483127802,0.4406130665849256,919.9739506768356,0.0,-2.0,0.0,0.9921486483127802,917.9739506768356,0.4406130665849256,0.0,20,12_to_14,x_mean,1
mother_x_adj_xj_pow2,0.0827848818372463,0.431720541160503,873.0845181047137,30.21631965929241,1534.7686646342129,14.222406082139736,-30.133534777455164,2407.8531827389265,14.65412662330024,0.9999999999999832,1,12_to_14,x_half,2
mother_y_adj_xj_minus_xi_pow2,0.2153787533645917,0.3693104294682595,807.007076629764,0.1325938715273454,66.07744147494964,0.0624101116922435,0.0827848818372463,873.0845181047137,0.431720541160503,0.9999999999962216,2,12_to_14,x_half,2
mother_3d_couple_prod_sq_xyz2,0.2337301413215626,0.3606726835535394,798.6883913483238,0.0183513879569708,8.318685281440253,0.0086377459147201,0.2153787533645917,807.007076629764,0.3693104294682595,0.999999999972694,3,12_to_14,x_half,2
mother_y_adj_xj_pow3,0.2399088011012162,0.3577644733737271,797.1585445079651,0.0061786597796535,1.529846840358687,0.0029082101798123,0.2337301413215626,798.6883913483238,0.3606726835535394,0.9999999999187494,4,12_to_14,x_half,2
mother_y_adj_xi_xj_pow3,0.243335413850861,0.3561516138805394,797.1885428566668,0.0034266127496447,-0.0299983487017243,0.0016128594931876,0.2399088011012162,797.1585445079651,0.3577644733737271,0.4999999998540833,5,12_to_14,x_half,2
mother_y_adj_xj_minus_xi,0.2462487154190916,0.3547803629005952,797.5066205681887,0.0029133015682306,-0.3180777115219371,0.0013712509799441,0.243335413850861,797.1885428566668,0.3561516138805394,0.4999999998283734,6,12_to_14,x_half,2
mother_y,0.2478760968690561,0.3540143768343597,798.5642601465619,0.0016273814499644,-1.0576395783731414,0.0007659860662354,0.2462487154190916,797.5066205681887,0.3547803629005952,0.4999999996927579,7,12_to_14,x_half,2
mother_y_adj_xj_pow2,0.2495401312999563,0.3532311387141061,799.598564493412,0.0016640344309002,-1.0343043468501492,0.0007832381202536,0.2478760968690561,798.5642601465619,0.3540143768343597,0.4999999996995254,8,12_to_14,x_half,2
mother_x,0.2507273680959859,0.3526723226829288,800.9082609212867,0.0011872367960296,-1.3096964278746557,0.0005588160311773,0.2495401312999563,799.598564493412,0.3532311387141061,0.499999999578854,9,12_to_14,x_half,2
mother_x_adj_xi_xj,0.2529302524623416,0.3516354553091528,801.6245195920319,0.0022028843663556,-0.7162586707452192,0.001036867373776,0.2507273680959859,800.9082609212867,0.3526723226829288,0.4999999997730248,10,12_to_14,x_half,2
mother_2d_couple_xy_xi_xj2,0.2547711347250345,0.3507689773467589,802.5488299589088,0.0018408822626929,-0.9243103668768526,0.0008664779623939,0.2529302524623416,801.6245195920319,0.3516354553091528,0.4999999997283911,11,12_to_14,x_half,2
mother_y_y,0.2565965266038766,0.3499097904949958,803.4795649195893,0.0018253918788421,-0.9307349606805246,0.000859186851763,0.2547711347250345,802.5488299589088,0.3507689773467589,0.4999999997260862,12,12_to_14,x_half,2
mother_z_adj_xi_xj_pow3,0.2572819346486172,0.3495871783551263,805.0773933328059,0.0006854080447405,-1.5978284132165754,0.0003226121398695,0.2565965266038766,803.4795649195893,0.3499097904949958,0.4999999992705075,13,12_to_14,x_half,2
mother_2d_couple_xy_xi_xj_pow3,0.2579738642474926,0.34926149660942,806.6710185152108,0.0006919295988753,-1.593625182404935,0.0003256817457062,0.2572819346486172,805.0773933328059,0.3495871783551263,0.4999999992773831,14,12_to_14,x_half,2
mother_y_adj_xi2_xj,0.2583144001851656,0.3491012110271334,808.4708803510739,0.000340535937673,-1.799861835863112,0.0001602855822865,0.2579738642474926,806.6710185152108,0.34926149660942,0.4999999985317262,15,12_to_14,x_half,2
mother_x_adj_xj_minus_xi_pow2,0.2584942985956803,0.3490165353195449,810.3651142138203,0.0001798984105146,-1.8942338627464324,8.467570758852183e-05,0.2583144001851656,808.4708803510739,0.3491012110271334,0.4999999972206536,16,12_to_14,x_half,2
mother_2d_couple_xz_xj_minus_xi_pow2,0.2585988381843672,0.3489673299729398,812.3036413568614,0.0001045395886869,-1.9385271430410285,4.9205346605074585e-05,0.2584942985956803,810.3651142138203,0.3490165353195449,0.499999995217123,17,12_to_14,x_half,2
mother_z_adj_xj_pow2,0.2586109802422718,0.3489616148732804,814.296500849307,1.2142057904562796e-05,-1.992859492445632,5.715099659409084e-06,0.2585988381843672,812.3036413568614,0.3489673299729398,0.4999999588208224,18,12_to_14,x_half,2
mother_3d_couple_prod_sq_xy2z,0.2586265060857033,0.3489543070723126,816.287370233077,1.5525843431563047e-05,-1.9908693837700184,7.307800967804034e-06,0.2586109802422718,814.296500849307,0.3489616148732804,0.4999999677956325,19,12_to_14,x_half,2
mother_y_adj_xj,0.2586265060857033,0.3489543070723126,818.2873702330769,0.0,-1.9999999999998863,0.0,0.2586265060857033,816.287370233077,0.3489543070723126,0.0,20,12_to_14,x_half,2
mother_y_adj_xi_xj2,0.7751360922380759,0.6347562557244223,1041.1462084328252,2.409271536277168,1070.9153127907982,6.801003302894998,-1.6341354440390918,2112.0615212236235,7.43575955861942,0.999999999999792,1,12_to_14,y_mean,3
mother_2d_couple_xy_xi_xj,0.838266603787258,0.4565485231817984,899.4641142267659,0.0631305115491821,141.68209420605933,0.1782077325426239,0.7751360922380759,1041.1462084328252,0.6347562557244223,0.9999999999920764,2,12_to_14,y_mean,3
mother_z_adj_xj_pow2,0.880782503837217,0.3365326709578005,768.4842217282653,0.0425159000499589,130.9798924985006,0.1200158522239978,0.838266603787258,899.4641142267659,0.4565485231817984,0.999999999988236,3,12_to_14,y_mean,3
mother_x_adj_xj_pow3,0.8969589446037389,0.2908690645831541,706.9058215062961,0.0161764407665219,61.57840022196922,0.0456636063746464,0.880782503837217,768.4842217282653,0.3365326709578005,0.9999999999690828,4,12_to_14,y_mean,3
mother_2d_couple_xz_xi_xj_pow3,0.8977531510669962,0.2886271417867972,705.5322594183646,0.0007942064632572,1.373562087931532,0.0022419227963568,0.8969589446037389,706.9058215062961,0.2908690645831541,0.9999999993700768,5,12_to_14,y_mean,3
mother_2d_couple_xz_xi_xj,0.8991179379694286,0.2847745580944112,701.6733588722639,0.0013647869024324,3.858900546100699,0.003852583692386,0.8977531510669962,705.5322594183646,0.2886271417867972,0.9999999996335128,6,12_to_14,y_mean,3
mother_y,0.899480630954439,0.283750731534453,702.1030193611161,0.0003626929850103,-0.4296604888522779,0.0010238265599581,0.8991179379694286,701.6733588722639,0.2847745580944112,0.4999999986214236,7,12_to_14,y_mean,3
mother_2d_couple_yz_xi_xj_pow3,0.900028812978322,0.2822032979227243,701.7187877773448,0.000548182023883,0.3842315837713386,0.0015474336117287,0.899480630954439,702.1030193611161,0.283750731534453,0.9999999990865928,8,12_to_14,y_mean,3
mother_2d_couple_xy_xi_xj_pow2,0.9004218443604098,0.2810938307300594,702.0012987403626,0.0003930313820877,-0.2825109630177849,0.0011094671926649,0.900028812978322,701.7187877773448,0.2822032979227243,0.4999999987278369,9,12_to_14,y_mean,3
mother_3d_couple_prod_sq_xyz2,0.9009952355983136,0.279475235381168,701.4834661449183,0.0005733912379037,0.5178325954442471,0.0016185953488914,0.9004218443604098,702.0012987403626,0.2810938307300594,0.9999999991270294,10,12_to_14,y_mean,3
mother_3d_couple_prod_sq_xy2z,0.9012216697953488,0.2788360464401389,702.4851467158771,0.0002264341970352,-1.001680570958797,0.0006391889410291,0.9009952355983136,701.4834661449183,0.279475235381168,0.499999997791853,11,12_to_14,y_mean,3
mother_2d_couple_xy_xj_minus_xi_pow2,0.9015685723386124,0.2778567938706406,702.9512503559596,0.0003469025432635,-0.4661036400824514,0.0009792525694982,0.9012216697953488,702.4851467158771,0.2788360464401389,0.499999998558673,12,12_to_14,y_mean,3
mother_x,0.9017594923200098,0.2773178561027216,704.104752985681,0.0001909199813974,-1.1535026297214015,0.000538937767919,0.9015685723386124,702.9512503559596,0.2778567938706406,0.4999999973811018,13,12_to_14,y_mean,3
mother_2d_couple_xy_xi2_xj,0.9021329432863217,0.2762636614147786,704.4441865650084,0.0003734509663116,-0.3394335793274194,0.0010541946879429,0.9017594923200098,704.104752985681,0.2773178561027216,0.4999999986611361,14,12_to_14,y_mean,3
mother_2d_couple_xz_xj_minus_xi_pow2,0.9022523579108764,0.2759265722806635,705.9118668253154,0.0001194146245548,-1.46768026030702,0.000337089134115,0.9021329432863217,704.4441865650084,0.2762636614147786,0.4999999958129082,15,12_to_14,y_mean,3
mother_y_adj_xi_xj_pow2,0.9025218841705952,0.2751657410688374,706.7079936771055,0.0002695262597187,-0.7961268517900635,0.0007608312118261,0.9022523579108764,705.9118668253154,0.2759265722806635,0.4999999981448932,16,12_to_14,y_mean,3
mother_z_z_z,0.903088459184986,0.2735663868714424,706.1664242330546,0.0005665750143907,0.5415694440508787,0.0015993541973949,0.9025218841705952,706.7079936771055,0.2751657410688374,0.9999999991165812,17,12_to_14,y_mean,3
mother_x_x_x,0.9031648255985448,0.2733508162215494,707.8227202585256,7.636641355890372e-05,-1.656296025470965,0.000215570649893,0.903088459184986,706.1664242330546,0.2735663868714424,0.4999999934526192,18,12_to_14,y_mean,3
mother_x_x,0.9032261365533448,0.2731777448180896,709.5465804927012,6.131095480010895e-05,-1.7238602341756175,0.0001730714034597,0.9031648255985448,707.8227202585256,0.2733508162215494,0.4999999918448507,19,12_to_14,y_mean,3
mother_2d_couple_xy_xi_xj_pow3,0.903237823154694,0.2731447553384159,711.4939250990424,1.1686601348981362e-05,-1.947344606341176,3.298947967367294e-05,0.9032261365533448,709.5465804927012,0.2731777448180896,0.4999999572159653,20,12_to_14,y_mean,3
mother_x_adj_xj_pow2,-0.0272577077560611,0.2143756158476582,567.8632444524903,2.568005819779647,544.187864710872,0.5359101469466527,-2.5952635275357085,1112.0511091633623,0.750285762794311,0.9999999999998044,1,12_to_14,y_half,4
mother_x,0.104677282742533,0.1868424616776362,509.92899285830185,0.1319349904985942,57.93425159418848,0.027533154170022,-0.0272577077560611,567.8632444524903,0.2143756158476582,0.9999999999962016,2,12_to_14,y_half,4
mother_y_adj_xj_pow3,0.127051812044961,0.1821731820389494,500.8946932752245,0.022374529302428,9.034299583077312,0.0046692796386868,0.104677282742533,509.92899285830185,0.1868424616776362,0.999999999977598,3,12_to_14,y_half,4
mother_z_adj_xi_xj_pow3,0.1359973940295744,0.180306352875646,498.4037102913071,0.0089455819846133,2.4909829839174336,0.0018668291633033,0.127051812044961,500.8946932752245,0.1821731820389494,0.9999999999439058,4,12_to_14,y_half,4
mother_y_adj_xj,0.1439885559777494,0.1786386990327554,496.3523809682712,0.0079911619481749,2.051329323035929,0.0016676538428905,0.1359973940295744,498.4037102913071,0.180306352875646,0.9999999999371872,5,12_to_14,y_half,4
mother_3d_couple_prod_sq_xy2z,0.1484002821922097,0.1777180278934342,496.0995063651837,0.0044117262144602,0.2528746030874345,0.0009206711393211,0.1439885559777494,496.3523809682712,0.1786386990327554,0.9999999998846884,6,12_to_14,y_half,4
mother_y_adj_xi_xj_pow3,0.1522400099686403,0.176916725551729,496.1292064318236,0.0038397277764306,-0.0297000666398048,0.0008013023417051,0.1484002821922097,496.0995063651837,0.1777180278934342,0.4999999998697824,7,12_to_14,y_half,4
mother_z_adj_xj_minus_xi_pow3,0.1556830592599692,0.1761982049637114,496.35485263554176,0.0034430492913289,-0.2256462037182132,0.0007185205880176,0.1522400099686403,496.1292064318236,0.176916725551729,0.4999999998547799,8,12_to_14,y_half,4
mother_2d_couple_yz_xi_xj_pow3,0.1592293669280462,0.1754581356660179,496.5197047773289,0.0035463076680769,-0.1648521417871506,0.0007400692976934,0.1556830592599692,496.35485263554176,0.1761982049637114,0.4999999998590083,9,12_to_14,y_half,4
mother_x_adj_xj,0.16071546424072,0.1751480060615296,497.74837463372864,0.0014860973126737,-1.2286698563997334,0.0003101296044883,0.1592293669280462,496.5197047773289,0.1754581356660179,0.4999999996635483,10,12_to_14,y_half,4
mother_2d_couple_xy_xi_xj2,0.1613555032403105,0.1750144380642609,499.41575387093417,0.0006400389995905,-1.6673792372055232,0.0001335679972686,0.16071546424072,497.74837463372864,0.1751480060615296,0.4999999992187976,11,12_to_14,y_half,4
mother_2d_couple_xy_xi_xj_pow3,0.1677673678666341,0.1736763634821753,498.0695033882024,0.0064118646263235,1.3462504827318185,0.0013380745820856,0.1613555032403105,499.41575387093417,0.1750144380642609,0.999999999921648,12,12_to_14,y_half,4
mother_y_adj_xj_pow2,0.1680648551282101,0.1736142816750244,499.9136243365575,0.0002974872615759,-1.8441209483551688,6.208180715089329e-05,0.1677673678666341,498.0695033882024,0.1736763634821753,0.4999999983192558,13,12_to_14,y_half,4
mother_3d_couple_prod_sq_xyz,0.1683586011266841,0.1735529806218902,501.7596509505449,0.0002937459984739,-1.8460266139873625,6.130105313420509e-05,0.1680648551282101,499.9136243365575,0.1736142816750244,0.4999999982978492,14,12_to_14,y_half,4
mother_2d_couple_xy_xi_xj_pow2,0.1690624797610121,0.1734060901049569,503.3904761710808,0.000703878634328,-1.6308252205358826,0.0001468905169333,0.1683586011266841,501.7596509505449,0.1735529806218902,0.4999999992896503,15,12_to_14,y_half,4
mother_x_adj_xi_xj,0.1693759777904735,0.1733406670542215,505.2259500443317,0.0003134980294613,-1.835473873250919,6.542305073536925e-05,0.1690624797610121,503.3904761710808,0.1734060901049569,0.4999999984050937,16,12_to_14,y_half,4
mother_x_x,0.1703279297379965,0.1731420067925688,506.7259776641232,0.0009519519475229,-1.500027619791524,0.0001986602616527,0.1693759777904735,505.2259500443317,0.1733406670542215,0.4999999994747634,17,12_to_14,y_half,4
mother_y_adj_xi2_xj,0.1706748398839088,0.1730696110581661,508.5436351947654,0.0003469101459123,-1.81765753064218,7.239573440262492e-05,0.1703279297379965,506.7259776641232,0.1731420067925688,0.4999999985587046,18,12_to_14,y_half,4
mother_2d_couple_xz_xi_xj,0.1707477848375403,0.1730543883742771,510.5052842558488,7.294495363152631e-05,-1.961649061083449,1.5222683889037912e-05,0.1706748398839088,508.5436351947654,0.1730696110581661,0.4999999931455163,19,12_to_14,y_half,4
mother_2d_couple_xz_xj_minus_xi_pow2,0.1722837169510134,0.1727338588808112,511.6969809066917,0.001535932113473,-1.1916966508428573,0.0003205294934658,0.1707477848375403,510.5052842558488,0.1730543883742771,0.4999999996744648,20,12_to_14,y_half,4
mother_z,0.8343872707592884,0.84317477972823,1164.941079795793,9.584584240235529,1774.8703274952543,48.79745501809309,-8.750196969476239,2939.8114072910475,49.64062979782132,0.9999999999999476,1,12_to_14,z_mean,5
mother_x_adj_xi_xj,0.8607217585544887,0.7090994822086754,1091.4352812420857,0.0263344877952003,73.50579855370734,0.1340752975195546,0.8343872707592884,1164.941079795793,0.84317477972823,0.9999999999810067,2,12_to_14,z_mean,5
mother_z_z,0.898160991734999,0.5184872186773624,956.9322035994508,0.0374392331805102,134.50307764263482,0.190612263531313,0.8607217585544887,1091.4352812420857,0.7090994822086754,0.9999999999866414,3,12_to_14,z_mean,5
mother_2d_couple_xz_xi_xj,0.9107929831347976,0.4541746708745101,901.191191001092,0.0126319913997986,55.74101259835891,0.0643125478028522,0.898160991734999,956.9322035994508,0.5184872186773624,0.999999999960409,4,12_to_14,z_mean,5
mother_2d_couple_xz_xi_xj_pow3,0.9142369630167584,0.4366405296785157,886.0251770546599,0.0034439798819606,15.166013946432033,0.0175341411959944,0.9107929831347976,901.191191001092,0.4541746708745101,0.9999999998547862,5,12_to_14,z_mean,5
mother_y_adj_xj_pow2,0.917430442596377,0.4203817465918728,871.4802627657185,0.0031934795796186,14.544914288941412,0.0162587830866429,0.9142369630167584,886.0251770546599,0.4366405296785157,0.9999999998433966,6,12_to_14,z_mean,5
mother_y_adj_xi2_xj,0.9194157932364144,0.4102738424695768,862.8687318294512,0.0019853506400374,8.611530936267286,0.0101079041222959,0.917430442596377,871.4802627657185,0.4203817465918728,0.9999999997480972,7,12_to_14,z_mean,5
mother_x_x,0.9199184766039032,0.4077145588951884,862.140450407272,0.0005026833674888,0.7282814221791796,0.0025592835743884,0.9194157932364144,862.8687318294512,0.4102738424695768,0.9999999990046516,8,12_to_14,z_mean,5
mother_2d_couple_xy_xi_xj2,0.92026383609278,0.4059562495412164,862.2560911216802,0.0003453594888768,-0.1156407144081868,0.0017583093539719,0.9199184766039032,862.140450407272,0.4077145588951884,0.4999999985522332,9,12_to_14,z_mean,5
mother_y_adj_xj_pow3,0.9207043797373275,0.4037133344455285,861.8405045601971,0.0004405436445474,0.41558656148311,0.0022429150956879,0.92026383609278,862.2560911216802,0.4059562495412164,0.9999999988638356,10,12_to_14,z_mean,5
mother_y_adj_xi_xj_pow3,0.9210849686797816,0.4017756633547137,861.7428316496362,0.000380588942454,0.0976729105609592,0.0019376710908147,0.9207043797373275,861.8405045601971,0.4037133344455285,0.9999999986811274,11,12_to_14,z_mean,5
mother_x_adj_xj_pow2,0.921542076939595,0.399448413764376,861.2099979419812,0.0004571082598133,0.5328337076549587,0.0023272495903376,0.9210849686797816,861.7428316496362,0.4017756633547137,0.9999999989052288,12,12_to_14,z_mean,5
mother_2d_couple_xy_xi_xj_pow3,0.9220290733930284,0.3969689960937985,860.495266738263,0.0004869964534333,0.7147312037182019,0.0024794176705775,0.921542076939595,861.2099979419812,0.399448413764376,0.999999998972599,13,12_to_14,z_mean,5
mother_3d_couple_prod_sq_xyz2,0.9229212590023084,0.3924266616486725,857.4775556393514,0.00089218560928,3.0177110989116045,0.0045423344451259,0.9220290733930284,860.495266738263,0.3969689960937985,0.9999999994394128,14,12_to_14,z_mean,5
mother_x_adj_xj,0.9230835842714596,0.3916002241297182,858.5583859061325,0.0001623252691512,-1.0808302667810494,0.0008264375189543,0.9229212590023084,857.4775556393514,0.3924266616486725,0.4999999969197649,15,12_to_14,z_mean,5
mother_3d_couple_prod_sq_xy2z,0.92314446207536,0.3912902803885015,860.2131639946373,6.08778039002944e-05,-1.6547780885048269,0.0003099437412167,0.9230835842714596,858.5583859061325,0.3916002241297182,0.499999991786826,16,12_to_14,z_mean,5
mother_x,0.9231935088178675,0.3910405714651598,861.9348339402457,4.904674250771901e-05,-1.7216699456083688,0.0002497089233416,0.92314446207536,860.2131639946373,0.3912902803885015,0.4999999898056432,17,12_to_14,z_mean,5
mother_2d_couple_xy_xi_xj_pow2,0.9232031794015888,0.3909913361658179,863.8799344141983,9.670583721255175e-06,-1.945100473952607,4.923529934186544e-05,0.9231935088178675,861.9348339402457,0.3910405714651598,0.4999999482968182,18,12_to_14,z_mean,5
mother_2d_couple_xy_xj_minus_xi_pow2,0.9232099853771308,0.3909566852850872,865.8412930119721,6.805975541923637e-06,-1.961358597773824,3.465088073073552e-05,0.9232031794015888,863.8799344141983,0.3909913361658179,0.4999999265351567,19,12_to_14,z_mean,5
mother_2d_couple_xz_xj_minus_xi_pow2,0.9232099853771308,0.3909566852850873,867.8412930119721,0.0,-2.0,-1.1102230246251563e-16,0.9232099853771308,865.8412930119721,0.3909566852850872,0.0,20,12_to_14,z_mean,5
mother_x_adj_xj_pow2,-0.0226304397735486,0.2851565056111907,692.2577423279179,7.453400711914547,920.0807674039202,2.078351689198846,-7.476031151688096,1612.338509731838,2.363508194810037,0.9999999999999324,1,12_to_14,z_half,6
mother_2d_couple_xz_xi_xj,0.0177184808157664,0.2739053666337705,676.7063432126761,0.040348920589315,15.551399115241791,0.0112511389774202,-0.0226304397735486,692.2577423279179,0.2851565056111907,0.999999999987576,2,12_to_14,z_half,6
mother_z_adj_xj_pow2,0.0299603109205345,0.2704917801032008,673.2384848940817,0.012241830104768,3.4678583185943808,0.0034135865305696,0.0177184808157664,676.7063432126761,0.2739053666337705,0.999999999959012,3,12_to_14,z_half,6
mother_y_adj_xj_pow3,0.0388776472740358,0.2680052156757942,671.2119079423343,0.0089173363535013,2.0265769517474155,0.0024865644274066,0.0299603109205345,673.2384848940817,0.2704917801032008,0.9999999999436826,4,12_to_14,z_half,6
mother_z_adj_xj_pow3,0.047114945375659,0.2657082772599412,669.4590654693479,0.0082372981016232,1.7528424729863443,0.0022969384158529,0.0388776472740358,671.2119079423343,0.2680052156757942,0.9999999999390152,5,12_to_14,z_half,6
mother_2d_couple_yz_xi_xj_pow2,0.0518937495272104,0.2643757263795289,669.2669849548531,0.0047788041515514,0.192080514494819,0.0013325508804123,0.047114945375659,669.4590654693479,0.2657082772599412,0.9999999998927682,6,12_to_14,z_half,6
mother_y_y,0.0789326478549438,0.2568360351452057,658.6520175033061,0.0270388983277333,10.614967451547043,0.0075396912343231,0.0518937495272104,669.2669849548531,0.2643757263795289,0.999999999981461,7,12_to_14,z_half,6
mother_z_adj_xj,0.0853776268311741,0.2550388779199559,657.59047356049,0.0064449789762303,1.0615439428161153,0.0017971572252498,0.0789326478549438,658.6520175033061,0.2568360351452057,0.9999999999219492,8,12_to_14,z_half,6
mother_z_adj_xi_xj_pow3,0.0895122291633518,0.2538859602018046,657.6150424265663,0.0041346023321777,-0.0245688660763789,0.0011529177181512,0.0853776268311741,657.59047356049,0.2550388779199559,0.4999999998790693,9,12_to_14,z_half,6
mother_3d_couple_prod_xyz,0.0928892988684781,0.2529442774991731,657.9948781180647,0.0033770697051263,-0.3798356914983287,0.0009416827026315,0.0895122291633518,657.6150424265663,0.2538859602018046,0.4999999998519426,10,12_to_14,z_half,6
mother_x_adj_xj_minus_xi_pow3,0.0957195729148518,0.2521550666312034,658.6323888475678,0.0028302740463737,-0.6375107295031057,0.0007892108679697,0.0928892988684781,657.9948781180647,0.2529442774991731,0.4999999998233386,11,12_to_14,z_half,6
mother_x_adj_xi_xj,0.0984243780388386,0.2514008422823897,659.3263092001262,0.0027048051239867,-0.6939203525583935,0.0007542243488137,0.0957195729148518,658.6323888475678,0.2521550666312034,0.4999999998151438,12,12_to_14,z_half,6
mother_x_adj_xi2_xj,0.1013656347286267,0.2505806843375985,659.9015986753222,0.002941256689788,-0.5752894751960866,0.0008201579447911,0.0984243780388386,659.3263092001262,0.2514008422823897,0.4999999998300046,13,12_to_14,z_half,6
mother_y_adj_xj,0.1039654894638197,0.2498557249949561,660.6383712657743,0.002599854735193,-0.7367725904520057,0.0007249593426424,0.1013656347286267,659.9015986753222,0.2505806843375985,0.4999999998076815,14,12_to_14,z_half,6
mother_y_adj_xi_xj_pow3,0.1056255091276061,0.2493928349927027,661.8298757988305,0.0016600196637863,-1.191504533056218,0.0004628900022534,0.1039654894638197,660.6383712657743,0.2498557249949561,0.4999999996987987,15,12_to_14,z_half,6
mother_z_adj_xi_xj,0.1065693302624467,0.2491296541540874,663.3695280360137,0.0009438211348405,-1.5396522371831909,0.0002631808386152,0.1056255091276061,661.8298757988305,0.2493928349927027,0.4999999994702386,16,12_to_14,z_half,6
mother_y_y_y,0.1069598946928352,0.2490207467875022,665.178888371776,0.0003905644303885,-1.8093603357623351,0.0001089073665851,0.1065693302624467,663.3695280360137,0.2491296541540874,0.4999999987198015,17,12_to_14,z_half,6
mother_x_adj_xj_minus_xi_pow2,0.1069800205918507,0.2490151347591366,667.1690623955437,2.012589901545514e-05,-1.990174023767736,5.612028365603594e-06,0.1069598946928352,665.178888371776,0.2490207467875022,0.4999999751563905,18,12_to_14,z_half,6
mother_2d_couple_yz_xi_xj2,0.1069804958500248,0.2490150022352502,669.1688303597282,4.752581741485074e-07,-1.999767964184457,1.3252388639251045e-07,0.1069800205918507,667.1690623955437,0.2490151347591366,0.499998947942455,19,12_to_14,z_half,6
mother_y_adj_xi2_xj,0.1069808125953623,0.2490149139120495,671.1686757147389,3.167453374031126e-07,-1.9998453550107345,8.832320069762646e-08,0.1069804958500248,669.1688303597282,0.2490150022352502,0.4999984214497819,20,12_to_14,z_half,6
mother_x_adj_xj_minus_xi_pow2,-0.1771790110525808,0.556102174571057,420.69973275363606,115.15580532978404,852.3604450224348,54.399877297433264,-115.33298434083665,1273.0601777760708,54.95597947200432,0.9999999999999952,1,14_to_15,x_mean,1
mother_x_adj_xj,0.2139336755732999,0.3713396078816433,347.586419859868,0.3911126866258807,73.11331289376807,0.1847625666894137,-0.1771790110525808,420.69973275363606,0.556102174571057,0.9999999999987148,2,14_to_15,x_mean,1
mother_y_adj_xj_pow2,0.2381759171557671,0.3598875150954894,343.75987602904,0.0242422415824672,3.8265438308279727,0.0114520927861538,0.2139336755732999,347.586419859868,0.3713396078816433,0.9999999999792442,3,14_to_15,x_mean,1
mother_x,0.270279681448306,0.3447216202168217,337.7517704323262,0.0321037642925389,6.00810559671379,0.0151658948786677,0.2381759171557671,343.75987602904,0.3598875150954894,0.9999999999843424,4,14_to_15,x_mean,1
mother_x_adj_xj_pow2,0.3425106659453891,0.3105995307358684,320.3644708395818,0.0722309844970831,17.387299592744398,0.0341220894809532,0.270279681448306,337.7517704323262,0.3447216202168217,0.999999999993049,5,14_to_15,x_mean,1
mother_z_adj_xi2_xj,0.3527663918419421,0.3057547013434566,319.4403185249573,0.0102557258965529,0.9241523146245072,0.0048448293924118,0.3425106659453891,320.3644708395818,0.3105995307358684,0.9999999999507057,6,14_to_15,x_mean,1
mother_x_adj_xi_xj2,0.3580678568758941,0.3032502766076154,319.91052601542884,0.005301465033952,-0.4702074904715232,0.0025044247358411,0.3527663918419421,319.4403185249573,0.3057547013434566,0.4999999999056864,7,14_to_15,x_mean,1
mother_x_x_x,0.3661563620088848,0.2994292474767415,319.55198913848176,0.0080885051329906,0.3585368769470847,0.0038210291308738,0.3580678568758941,319.91052601542884,0.3032502766076154,0.9999999999367892,8,14_to_15,x_mean,1
mother_z_adj_xj_pow3,0.3716138336564796,0.2968511248442511,319.9435719573051,0.0054574716475948,-0.3915828188233377,0.0025781226324904,0.3661563620088848,319.55198913848176,0.2994292474767415,0.4999999999083824,9,14_to_15,x_mean,1
mother_z,0.3749138012823341,0.2952922122612694,320.9642198573747,0.0032999676258544,-1.020647900069605,0.0015589125829816,0.3716138336564796,319.9435719573051,0.2968511248442511,0.4999999998484833,10,14_to_15,x_mean,1
mother_3d_couple_prod_sq_xyz2,0.3778331550099409,0.2939131025922882,322.09350514925404,0.0029193537276068,-1.1292852918793417,0.0013791096689811,0.3749138012823341,320.9642198573747,0.2952922122612694,0.4999999998287292,11,14_to_15,x_mean,1
mother_y_adj_xj_minus_xi,0.3804441810851309,0.2926796476422407,323.311282870675,0.0026110260751899,-1.21777772142093,0.0012334549500475,0.3778331550099409,322.09350514925404,0.2939131025922882,0.4999999998085044,12,14_to_15,x_mean,1
mother_y_y,0.3819037555089529,0.2919901412006419,324.8725796572052,0.001459574423822,-1.5612967865301923,0.0006895064415988,0.3804441810851309,323.311282870675,0.2926796476422407,0.4999999996574344,13,14_to_15,x_mean,1
mother_2d_couple_xz_xi_xj_pow2,0.3821484482396163,0.2918745477706316,326.798931160665,0.0002446927306634,-1.9263515034598413,0.0001155934300102,0.3819037555089529,324.8725796572052,0.2919901412006419,0.499999997956621,14,14_to_15,x_mean,1
mother_2d_couple_xz_xi_xj2,0.3841577430408559,0.2909253521106406,328.19306095066435,0.0020092948012395,-1.39412978999934,0.000949195659991,0.3821484482396163,326.798931160665,0.2918745477706316,0.4999999997511565,15,14_to_15,x_mean,1
mother_z_z,0.4041008746281048,0.2815041691475589,324.0700424384818,0.0199431315872489,4.123018512182568,0.0094211829630816,0.3841577430408559,328.19306095066435,0.2909253521106406,0.9999999999748076,16,14_to_15,x_mean,1
mother_2d_couple_xz_xj_minus_xi_pow2,0.4042477721239205,0.2814347744199133,326.0241851761447,0.0001468974958156,-1.9541427376629483,6.939472764561083e-05,0.4041008746281048,324.0700424384818,0.2815041691475589,0.499999996596266,17,14_to_15,x_mean,1
mother_y,0.404378539861607,0.2813729994285072,327.98335365610683,0.0001307677376864,-1.959168479962102,6.177499140608278e-05,0.4042477721239205,326.0241851761447,0.2814347744199133,0.499999996176427,18,14_to_15,x_mean,1
mother_y_y_y,0.4053283073435613,0.2809243270030794,329.6865246124037,0.0009497674819543,-1.7031709562968445,0.0004486724254277,0.404378539861607,327.98335365610683,0.2813729994285072,0.4999999994735554,19,14_to_15,x_mean,1
mother_x_adj_xj_minus_xi,0.4053283073435603,0.2809243270030799,331.686524612404,-9.992007221626409e-16,-2.000000000000284,-4.440892098500626e-16,0.4053283073435613,329.6865246124037,0.2809243270030794,0.0,20,14_to_15,x_mean,1
mother_z_adj_xj_pow2,-0.0464188342869029,0.3547113321138249,337.0652540685096,75.73578208940783,796.981442607012,25.672645859746304,-75.78220092369473,1134.0466966755216,26.02735719186013,0.9999999999999928,1,14_to_15,x_half,2
mother_y,0.0278266760153629,0.3295438532804242,325.3766074584107,0.0742455103022659,11.688646610098886,0.0251674788334007,-0.0464188342869029,337.0652540685096,0.3547113321138249,0.9999999999932228,2,14_to_15,x_half,2
mother_x_adj_xj_pow2,0.0598453148004209,0.3186902890633208,321.14752605365663,0.032018638785058,4.229081404754084,0.0108535642171033,0.0278266760153629,325.3766074584107,0.3295438532804242,0.999999999984266,3,14_to_15,x_half,2
mother_z_adj_xj,0.0779913615897915,0.3125392067066623,319.5224180963357,0.0181460467893705,1.6251079573209497,0.0061510823566585,0.0598453148004209,321.14752605365663,0.3186902890633208,0.999999999972138,4,14_to_15,x_half,2
mother_z,0.1019847212329152,0.3044060230501408,316.6180611718924,0.0239933596431236,2.9043569244432774,0.0081331836565214,0.0779913615897915,319.5224180963357,0.3125392067066623,0.9999999999789888,5,14_to_15,x_half,2
mother_z_adj_xi_xj_pow3,0.1132563907349196,0.3005851926396031,316.2686587781329,0.0112716695020044,0.3494023937595329,0.0038208304105376,0.1019847212329152,316.6180611718924,0.3044060230501408,0.99999999995421,6,14_to_15,x_half,2
mother_z_adj_xj_pow3,0.1235913166787846,0.2970818962264186,316.0881117546237,0.0103349259438649,0.1805470235091206,0.0035032964131845,0.1132563907349196,316.2686587781329,0.3005851926396031,0.9999999999488508,7,14_to_15,x_half,2
mother_y_adj_xi2_xj,0.1293595296534797,0.2951266079220326,316.8598789832263,0.005768212974695,-0.7717672286025277,0.0019552883043859,0.1235913166787846,316.0881117546237,0.2970818962264186,0.499999999913318,8,14_to_15,x_half,2
mother_y_adj_xj_minus_xi,0.1359321433789906,0.2928986467140959,317.45040629671973,0.0065726137255108,-0.5905273134934532,0.0022279612079367,0.1293595296534797,316.8598789832263,0.2951266079220326,0.4999999999239267,9,14_to_15,x_half,2
mother_x_adj_xj_pow3,0.1393826509332522,0.2917290059441312,318.70616003164105,0.0034505075542615,-1.2557537349213137,0.0011696407699647,0.1359321433789906,317.45040629671973,0.2928986467140959,0.4999999998550938,10,14_to_15,x_half,2
mother_x_adj_xi_xj_pow3,0.1415824627779873,0.2909833215544026,320.2301194000855,0.0021998118447351,-1.52395936844448,0.0007456843897286,0.1393826509332522,318.70616003164105,0.2917290059441312,0.4999999997727078,11,14_to_15,x_half,2
mother_x_adj_xj_minus_xi_pow2,0.154946360122988,0.2864532751961411,319.311683284752,0.0133638973450006,0.9184361153335204,0.0045300463582614,0.1415824627779873,320.2301194000855,0.2909833215544026,0.9999999999620414,12,14_to_15,x_half,2
mother_y_y_y,0.1595178350265056,0.2849036529037856,320.3027502030408,0.0045714749035176,-0.991066918288766,0.0015496222923555,0.154946360122988,319.311683284752,0.2864532751961411,0.499999999890626,13,14_to_15,x_half,2
mother_x_adj_xj,0.1636313970331553,0.2835092522954423,321.39017756069336,0.0041135620066496,-1.0874273576525866,0.0013944006083432,0.1595178350265056,320.3027502030408,0.2849036529037856,0.4999999998784508,14,14_to_15,x_half,2
mother_z_adj_xj_minus_xi_pow2,0.1661055119995661,0.2826705856098064,322.8391437471388,0.0024741149664108,-1.448966186445432,0.0008386666856358,0.1636313970331553,321.39017756069336,0.2835092522954423,0.4999999997979075,15,14_to_15,x_half,2
mother_2d_couple_xz_xi_xj_pow3,0.1687623416832729,0.2817699829396056,324.245592368503,0.0026568296837068,-1.406448621364234,0.0009006026702008,0.1661055119995661,322.8391437471388,0.2826705856098064,0.4999999998118057,16,14_to_15,x_half,2
mother_2d_couple_xz_xj_minus_xi_pow2,0.1720116502742189,0.2806685438781339,325.5170934568586,0.0032493085909459,-1.271501088355592,0.0011014390614717,0.1687623416832729,324.245592368503,0.2817699829396056,0.4999999998461211,17,14_to_15,x_half,2
mother_y_adj_xi_xj_pow3,0.1738930851118757,0.2800307817931219,327.09396543248454,0.0018814348376567,-1.5768719756259202,0.0006377620850119,0.1720116502742189,325.5170934568586,0.2806685438781339,0.4999999997342453,18,14_to_15,x_half,2
mother_x,0.1747946588935525,0.2797251695214206,328.89086303383704,0.0009015737816767,-1.796897601352498,0.0003056122717012,0.1738930851118757,327.09396543248454,0.2800307817931219,0.4999999994454142,19,14_to_15,x_half,2
mother_y_adj_xj,0.1747946588935528,0.2797251695214205,330.89086303383704,3.3306690738754696e-16,-2.0,1.1102230246251563e-16,0.1747946588935525,328.89086303383704,0.2797251695214206,0.0001664780053793,20,14_to_15,x_half,2
mother_z_adj_xj_pow2,-0.1514653535412173,0.285333686039361,296.58328664959595,85.19180908975031,801.0169746581744,21.1105725701454,-85.34327444329152,1097.6002613077703,21.39590625618476,0.9999999999999936,1,14_to_15,y_mean,3
mother_y,-0.0348296899700315,0.2564313107242343,278.7187676412717,0.1166356635711858,17.864519008324237,0.0289023753151266,-0.1514653535412173,296.58328664959595,0.285333686039361,0.9999999999956852,2,14_to_15,y_mean,3
mother_y_adj_xj_pow2,0.0469482717995741,0.2361666912141934,265.40669710063435,0.0817779617696057,13.312070540637365,0.0202646195100409,-0.0348296899700315,278.7187676412717,0.2564313107242343,0.9999999999938484,3,14_to_15,y_mean,3
mother_y_adj_xj_pow3,0.0781714305314058,0.2284295769854875,261.2110541061661,0.0312231587318316,4.195642994468244,0.0077371142287058,0.0469482717995741,265.40669710063435,0.2361666912141934,0.9999999999838672,4,14_to_15,y_mean,3
mother_x_adj_xj,0.1044219610661849,0.2219246824917522,257.83753092445966,0.0262505305347791,3.373523181706446,0.0065048944937353,0.0781714305314058,261.2110541061661,0.2284295769854875,0.9999999999808046,5,14_to_15,y_mean,3
mother_2d_couple_xz_xj_minus_xi_pow2,0.1246636015606786,0.2169087939320008,255.58536715667464,0.0202416404944937,2.2521637677849924,0.0050158885597514,0.1044219610661849,257.83753092445966,0.2219246824917522,0.9999999999750764,6,14_to_15,y_mean,3
mother_x_adj_xj_pow2,0.1328616909503523,0.2148773033128156,255.8351484921296,0.0081980893896737,-0.2497813354549407,0.0020314906191852,0.1246636015606786,255.58536715667464,0.2169087939320008,0.4999999999390102,7,14_to_15,y_mean,3
mother_y_adj_xj_minus_xi,0.1406699186913643,0.2129424206036433,256.1527078864817,0.0078082277410119,-0.3175593943521164,0.0019348827091722,0.1328616909503523,255.8351484921296,0.2148773033128156,0.4999999999359649,8,14_to_15,y_mean,3
mother_z_z,0.143683189408142,0.2121957306246453,257.49934625097274,0.0030132707167777,-1.3466383644910138,0.000746689978998,0.1406699186913643,256.1527078864817,0.2129424206036433,0.4999999998340673,9,14_to_15,y_mean,3
mother_x_adj_xj_minus_xi_pow2,0.1685413703315644,0.2060358610555784,254.0199964379987,0.0248581809234224,3.479349812974021,0.0061598695690669,0.143683189408142,257.49934625097274,0.2121957306246453,0.9999999999797422,10,14_to_15,y_mean,3
mother_x_x_x,0.1957677517031686,0.1992891502401972,249.82741473189475,0.0272263813716041,4.192581706103965,0.0067467108153811,0.1685413703315644,254.0199964379987,0.2060358610555784,0.999999999981516,11,14_to_15,y_mean,3
mother_2d_couple_xz_xi_xj_pow2,0.2003345599989584,0.1981574928781538,250.7682092168267,0.0045668082957898,-0.9407944849319564,0.0011316573620434,0.1957677517031686,249.82741473189475,0.1992891502401972,0.4999999998905143,12,14_to_15,y_mean,3
mother_z,0.2111202523438984,0.1954847929625171,250.2424143952753,0.0107856923449399,0.5257948215513863,0.0026726999156367,0.2003345599989584,250.7682092168267,0.1981574928781538,0.9999999999526914,13,14_to_15,y_mean,3
mother_2d_couple_xz_xi_xj2,0.2203303300475763,0.1932025311369073,250.058110705108,0.0092100777036778,0.1843036901673258,0.0022822618256097,0.2111202523438984,250.2424143952753,0.1954847929625171,0.9999999999429988,14,14_to_15,y_mean,3
mother_y_adj_xi_xj_pow3,0.2261896604087794,0.1917505861656212,250.6550149348966,0.0058593303612031,-0.5969042297886062,0.0014519449712861,0.2203303300475763,250.058110705108,0.1932025311369073,0.499999999914666,15,14_to_15,y_mean,3
mother_z_adj_xj_pow3,0.2287059511999792,0.191127048058815,252.0491911414367,0.0025162907911998,-1.394176206540067,0.0006235381068061,0.2261896604087794,250.6550149348966,0.1917505861656212,0.4999999998012948,16,14_to_15,y_mean,3
mother_x,0.2317554740492767,0.1903713747833879,253.31233140812853,0.0030495228492974,-1.2631402666918632,0.000755673275427,0.2287059511999792,252.0491911414367,0.191127048058815,0.4999999998360399,17,14_to_15,y_mean,3
mother_2d_couple_xz_xi2_xj,0.234673968671093,0.1896481703677554,254.6043879067178,0.0029184946218162,-1.292056498589261,0.0007232044156325,0.2317554740492767,253.31233140812853,0.1903713747833879,0.4999999998286788,18,14_to_15,y_mean,3
mother_x_x,0.2457243670195957,0.1869098761730715,253.899191706886,0.0110503983485027,0.7051961998318177,0.0027382941946838,0.234673968671093,254.6043879067178,0.1896481703677554,0.9999999999540438,19,14_to_15,y_mean,3
mother_y_y_y,0.2457987510532535,0.1868914437726169,255.88084813074323,7.438403365778168e-05,-1.98165642385726,1.843240045459882e-05,0.2457243670195957,253.899191706886,0.1869098761730715,0.4999999932781275,20,14_to_15,y_mean,3
mother_y_adj_xj_pow2,0.0172110074673295,0.1579535958313271,186.5906928886683,2.131878333120252,212.54787287499855,0.3426349411214489,-2.1146673256529223,399.13856576366686,0.5005885369527759,0.9999999999997632,1,14_to_15,y_half,4
mother_2d_couple_xz_xi_xj_pow2,0.0212279587559645,0.1573079924463277,187.8288975927286,0.0040169512886349,-1.2382047040603084,0.0006456033849993,0.0172110074673295,186.5906928886683,0.1579535958313271,0.4999999998755274,2,14_to_15,y_half,4
mother_y_y_y,0.0262219798324452,0.1565053546546134,188.877434207364,0.0049940210764807,-1.0485366146353954,0.0008026377917143,0.0212279587559645,187.8288975927286,0.1573079924463277,0.4999999998998802,3,14_to_15,y_half,4
mother_y,0.0344756398927871,0.1551788285180713,189.2941947331089,0.0082536600603418,-0.4167605257449054,0.001326526136542,0.0262219798324452,188.877434207364,0.1565053546546134,0.4999999999394208,4,14_to_15,y_half,4
mother_y_adj_xi_xj_pow2,0.0355627393299228,0.155004110174229,191.08465635212235,0.0010870994371356,-1.790461619013456,0.0001747183438423,0.0344756398927871,189.2941947331089,0.1551788285180713,0.4999999995400604,5,14_to_15,y_half,4
mother_x_adj_xj_pow2,0.0385556981725063,0.1545230825935853,192.50654105809457,0.0029929588425835,-1.421884705972218,0.0004810275806436,0.0355627393299228,191.08465635212235,0.155004110174229,0.4999999998329412,6,14_to_15,y_half,4
mother_2d_couple_xy_xi_xj_pow2,0.0399923990944116,0.1542921763884147,194.22839053983853,0.0014367009219052,-1.7218494817439591,0.0002309062051705,0.0385556981725063,192.50654105809457,0.1545230825935853,0.4999999996519804,7,14_to_15,y_half,4
mother_2d_couple_xy_xi_xj,0.0483420993368929,0.1529502146983322,194.6035726834428,0.0083497002424812,-0.3751821436042633,0.0013419616900824,0.0399923990944116,194.22839053983853,0.1542921763884147,0.4999999999401175,8,14_to_15,y_half,4
mother_2d_couple_xz_xi2_xj,0.0505917528894535,0.1525886509540275,196.1633610089724,0.0022496535525605,-1.5597883255296097,0.0003615637443047,0.0483420993368929,194.6035726834428,0.1529502146983322,0.4999999997777435,9,14_to_15,y_half,4
mother_2d_couple_xy_xj_minus_xi_pow2,0.0510994898692772,0.152507047596329,198.06386288450872,0.0005077369798237,-1.900501875536321,8.16033576984121e-05,0.0505917528894535,196.1633610089724,0.1525886509540275,0.4999999990152382,10,14_to_15,y_half,4
mother_2d_couple_xy_xi_xj2,0.0522583861145348,0.1523207900878255,199.8365614598336,0.0011588962452575,-1.7726985753248812,0.0001862575085035,0.0510994898692772,198.06386288450872,0.152507047596329,0.499999999568555,11,14_to_15,y_half,4
mother_2d_couple_xy_xi2_xj,0.0532287123832774,0.1521648394977781,201.64603153351368,0.0009703262687426,-1.8094700736800744,0.0001559505900473,0.0522583861145348,199.8365614598336,0.1523207900878255,0.4999999994847094,12,14_to_15,y_half,4
mother_y_y,0.055827083511345,0.151747229953816,203.134861153175,0.0025983711280676,-1.4888296196613169,0.0004176095439621,0.0532287123832774,201.64603153351368,0.1521648394977781,0.4999999998075717,13,14_to_15,y_half,4
mother_z_z_z,0.0566884285289828,0.1516087948026075,204.96510062224195,0.0008613450176377,-1.830239469066953,0.0001384351512084,0.055827083511345,203.134861153175,0.151747229953816,0.4999999994195125,14,14_to_15,y_half,4
mother_z_z,0.0615773943615883,0.150823041462853,205.9985988686664,0.0048889658326055,-1.0334982464244715,0.0007857533397545,0.0566884285289828,204.96510062224195,0.1516087948026075,0.4999999998977288,15,14_to_15,y_half,4
mother_z,0.06350377275425,0.1505134344196681,207.6163887155309,0.0019263783926616,-1.6177898468644685,0.0003096070431848,0.0615773943615883,205.9985988686664,0.150823041462853,0.4999999997404456,16,14_to_15,y_half,4
mother_x,0.0643418371940095,0.1503787409169893,209.4498639918908,0.0008380644397595,-1.833475276359934,0.0001346935026788,0.06350377275425,207.6163887155309,0.1505134344196681,0.4999999994033872,17,14_to_15,y_half,4
mother_2d_couple_xz_xi_xj2,0.0654340160714981,0.150203206206791,211.23262233702195,0.0010921788774885,-1.7827583451311284,0.0001755347101983,0.0643418371940095,209.4498639918908,0.1503787409169893,0.4999999995421995,18,14_to_15,y_half,4
mother_x_x_x,0.0655424885508942,0.1501857725376112,213.2110325804028,0.0001084724793961,-1.978410243380836,1.7433669179806044e-05,0.0654340160714981,211.23262233702195,0.150203206206791,0.4999999953905359,19,14_to_15,y_half,4
mother_x_x,0.0655424885508909,0.1501857725376117,215.21103258040347,-3.3306690738754696e-15,-2.000000000000682,-5.273559366969495e-16,0.0655424885508942,213.2110325804028,0.1501857725376112,0.0,20,14_to_15,y_half,4
mother_z_adj_xj_minus_xi_pow2,0.1636613056429493,0.2870631757170321,297.7072832347412,21.84768721985483,611.8711605689509,7.498955288951914,-21.68402591421188,909.5784438036922,7.786018464668946,0.9999999999999762,1,14_to_15,z_mean,5
mother_2d_couple_yz_xj_minus_xi_pow2,0.1900045501260638,0.2780211745863459,293.754346237689,0.0263432444831145,3.952936997052177,0.0090420011306861,0.1636613056429493,297.7072832347412,0.2870631757170321,0.9999999999808932,2,14_to_15,z_mean,5
mother_y_adj_xj_pow3,0.2155924723279082,0.2692384287241463,289.78375754487047,0.0255879222018443,3.970588692818524,0.0087827458621996,0.1900045501260638,293.754346237689,0.2780211745863459,0.9999999999803336,3,14_to_15,z_mean,5
mother_y_adj_xi2_xj,0.2368858725609792,0.2619297257621026,286.6648341246497,0.021293400233071,3.118923420220767,0.0073087029620437,0.2155924723279082,289.78375754487047,0.2692384287241463,0.9999999999763582,4,14_to_15,z_mean,5
mother_z_adj_xi_xj_pow3,0.2468162053057454,0.2585212587464387,286.2285473357049,0.0099303327447661,0.4362867889448125,0.0034084670156638,0.2368858725609792,286.6648341246497,0.2619297257621026,0.9999999999485032,5,14_to_15,z_mean,5
mother_z_adj_xi_xj,0.2583099825460104,0.2545761582532574,285.36825949224897,0.011493777240265,0.8602878434559216,0.0039451004931813,0.2468162053057454,286.2285473357049,0.2585212587464387,0.999999999955917,6,14_to_15,z_mean,5
mother_z,0.2753863444558522,0.2487149028640146,283.03580506647967,0.0170763619098417,2.332454425769299,0.0058612553892427,0.2583099825460104,285.36825949224897,0.2545761582532574,0.9999999999705054,7,14_to_15,z_mean,5
mother_x_adj_xj_minus_xi,0.2811242247401538,0.2467454446201125,283.55709475350136,0.0057378802843016,-0.5212896870216923,0.001969458243902,0.2753863444558522,283.03580506647967,0.2487149028640146,0.4999999999128597,8,14_to_15,z_mean,5
mother_y_adj_xi_xj_pow3,0.2855360901017693,0.2452311250148061,284.41206324795394,0.0044118653616154,-0.8549684944525779,0.0015143196053064,0.2811242247401538,283.55709475350136,0.2467454446201125,0.4999999998866692,9,14_to_15,z_mean,5
mother_y_adj_xj_pow2,0.2903149932524166,0.2435908241126415,285.16376777553927,0.0047789031506473,-0.751704527585332,0.0016403009021645,0.2855360901017693,284.41206324795394,0.2452311250148061,0.4999999998953734,10,14_to_15,z_mean,5
mother_x_adj_xj_pow3,0.2910092066972785,0.2433525437156539,286.9817336405437,0.0006942134448618,-1.817965865004453,0.0002382803969875,0.2903149932524166,285.16376777553927,0.2435908241126415,0.4999999992797604,11,14_to_15,z_mean,5
mother_x_adj_xj_pow2,0.2916333738101793,0.2431383058777823,288.8179145658239,0.0006241671129008,-1.836180925280189,0.0002142378378716,0.2910092066972785,286.9817336405437,0.2433525437156539,0.4999999991989325,12,14_to_15,z_mean,5
mother_2d_couple_yz_xi2_xj,0.292378438461469,0.2428825714171423,290.6221755912611,0.0007450646512897,-1.8042610254371996,0.0002557344606399,0.2916333738101793,288.8179145658239,0.2431383058777823,0.4999999993289173,13,14_to_15,z_mean,5
mother_2d_couple_yz_xi_xj_pow3,0.2927367933917267,0.2427595704068965,292.5279572917166,0.0003583549302577,-1.905781700455464,0.0001230010102458,0.292378438461469,290.6221755912611,0.2428825714171423,0.4999999986047352,14,14_to_15,z_mean,5
mother_z_adj_xj_pow2,0.2941488976905517,0.2422748826276517,294.1562230514653,0.0014121042988249,-1.628265759748729,0.0004846877792447,0.2927367933917267,292.5279572917166,0.2427595704068965,0.4999999996459185,15,14_to_15,z_mean,5
mother_y,0.2991825096245644,0.2405471560058246,294.8250554675345,0.0050336119340126,-0.6688324160692218,0.0017277266218271,0.2941488976905517,294.1562230514653,0.2422748826276517,0.4999999999006677,16,14_to_15,z_mean,5
mother_z_adj_xj_minus_xi_pow3,0.2997153109954951,0.2403642783575731,296.68359389359864,0.0005328013709307,-1.858538426064115,0.0001828776482515,0.2991825096245644,294.8250554675345,0.2405471560058246,0.499999999061564,17,14_to_15,z_mean,5
mother_y_adj_xj_minus_xi,0.3002588974109299,0.2401776988727971,298.5391578711214,0.0005435864154348,-1.8555639775227637,0.0001865794847759,0.2997153109954951,296.68359389359864,0.2403642783575731,0.499999999080183,18,14_to_15,z_mean,5
mother_2d_couple_xz_xj_minus_xi_pow2,0.3005197862694565,0.2400881519168292,300.4697973951449,0.0002608888585265,-1.9306395240234904,8.954695596788409e-05,0.3002588974109299,298.5391578711214,0.2401776988727971,0.4999999980834751,19,14_to_15,z_mean,5
mother_x_adj_xj_minus_xi_pow2,0.3005801216864441,0.2400674425122237,302.45375280749994,6.033541698757805e-05,-1.983955412355044,2.070940460549564e-05,0.3005197862694565,300.4697973951449,0.2400881519168292,0.4999999917129935,20,14_to_15,z_mean,5
mother_x_adj_xj_pow2,0.0129928854974802,0.624113389488879,442.1604166976453,3.0585775286233696,260.3909637526548,1.9340277900284344,-3.0455846431258893,702.5513804503,2.558141179517313,0.9999999999998346,1,14_to_15,z_half,6
mother_2d_couple_xy_xi_xj_pow2,0.0450906275668699,0.6038170508875472,438.0111061092757,0.0320977420693897,4.149310588369531,0.0202963386013317,0.0129928854974802,442.1604166976453,0.624113389488879,0.999999999984302,2,14_to_15,z_half,6
mother_z_adj_xj_minus_xi_pow3,0.0654914326773795,0.5909170267248646,435.9943164491906,0.0204008051105095,2.016789660085124,0.0129000241626826,0.0450906275668699,438.0111061092757,0.6038170508875472,0.9999999999752432,3,14_to_15,z_half,6
mother_z,0.0895519094711322,0.5757028854042762,433.1427093426003,0.0240604767937526,2.8516071065902797,0.0152141413205884,0.0654914326773795,435.9943164491906,0.5909170267248646,0.9999999999790437,4,14_to_15,z_half,6
mother_2d_couple_xz_xi_xj_pow2,0.0937742842346534,0.5730329546746666,434.2780927917483,0.0042223747635211,-1.1353834491479802,0.0026699307296095,0.0895519094711322,433.1427093426003,0.5757028854042762,0.4999999998815831,5,14_to_15,z_half,6
mother_2d_couple_xz_xi_xj2,0.1020199800327668,0.567818960694645,434.5779428958775,0.0082456957981134,-0.2998501041292343,0.0052139939800216,0.0937742842346534,434.2780927917483,0.5730329546746666,0.4999999999393623,6,14_to_15,z_half,6
mother_x_x_x,0.1228992587256184,0.5546163837287772,432.2021138754119,0.0208792786928516,2.3758290204656305,0.0132025769658677,0.1020199800327668,434.5779428958775,0.567818960694645,0.9999999999758424,7,14_to_15,z_half,6
mother_x,0.1350347312886555,0.5469427704355398,431.6106685494699,0.012135472563037,0.5914453259420043,0.0076736132932373,0.1228992587256184,432.2021138754119,0.5546163837287772,0.9999999999579532,8,14_to_15,z_half,6
mother_2d_couple_xy_xj_minus_xi_pow2,0.1435083158236056,0.5415846757597037,431.77954584816223,0.0084735845349501,-0.1688772986923368,0.0053580946758361,0.1350347312886555,431.6106685494699,0.5469427704355398,0.4999999999409931,9,14_to_15,z_half,6
mother_2d_couple_xy_xi_xj,0.1454173826071469,0.5403775171450091,433.36450067011,0.0019090667835413,-1.5849548219478038,0.0012071586146945,0.1435083158236056,431.77954584816223,0.5415846757597037,0.4999999997380919,10,14_to_15,z_half,6
mother_y_y_y,0.1488710084784171,0.5381936887643685,434.61129563061456,0.0034536258712701,-1.2467949605045303,0.0021838283806406,0.1454173826071469,433.36450067011,0.5403775171450091,0.4999999998552246,11,14_to_15,z_half,6
mother_z_z_z,0.1687346447005566,0.525633332159014,432.21897460819577,0.0198636362221394,2.3923210224187983,0.0125603566053544,0.1488710084784171,434.61129563061456,0.5381936887643685,0.9999999999746194,12,14_to_15,z_half,6
mother_x_x,0.1733050928270467,0.5227433044887022,433.1934910376245,0.0045704481264901,-0.9745164294287748,0.0028900276703117,0.1687346447005566,432.21897460819577,0.525633332159014,0.4999999998906015,13,14_to_15,z_half,6
mother_y,0.1779960773719675,0.5197770581249704,434.1350497212263,0.0046909845449207,-0.9415586836017268,0.0029662463637317,0.1733050928270467,433.1934910376245,0.5227433044887022,0.4999999998934125,14,14_to_15,z_half,6
mother_z_z,0.1794488079951113,0.518858454175817,435.806040406468,0.0014527306231437,-1.6709906852416907,0.0009186039491534,0.1779960773719675,434.1350497212263,0.5197770581249704,0.4999999996558206,15,14_to_15,z_half,6
mother_y_adj_xi_xj_pow2,0.1801667981451383,0.5184044480601885,437.64321737921534,0.000717990150027,-1.837176972747386,0.0004540061156285,0.1794488079951113,435.806040406468,0.518858454175817,0.4999999993036116,16,14_to_15,z_half,6
mother_2d_couple_xz_xi2_xj,0.1804575491030993,0.5182205977482669,439.5772414344623,0.0002907509579609,-1.9340240552469368,0.0001838503119215,0.1801667981451383,437.64321737921534,0.5184044480601885,0.4999999982803152,17,14_to_15,z_half,6
mother_2d_couple_xz_xj_minus_xi_pow2,0.1862042317838145,0.5145868026585669,440.268403648545,0.0057466826807152,-0.6911622140827376,0.0036337950896999,0.1804575491030993,439.5772414344623,0.5182205977482669,0.4999999999129932,18,14_to_15,z_half,6
mother_2d_couple_xy_xi2_xj,0.1871891738949875,0.5139639950309194,442.0431503442636,0.000984942111173,-1.7747466957185338,0.0006228076276475,0.1862042317838145,440.268403648545,0.5145868026585669,0.4999999994923559,19,14_to_15,z_half,6
mother_y_y,0.1871891738949844,0.5139639950309214,444.0431503442643,-3.1086244689504387e-15,-2.000000000000739,-1.9984014443252818e-15,0.1871891738949875,442.0431503442636,0.5139639950309194,0.0,20,14_to_15,z_half,6
mother_x,0.9852464119185892,2.1008782771312293,5995.309290225767,1.074699374039214,7199.455372006803,153.03481139007033,-0.089452962120625,13194.76466223257,155.13568966720155,0.9999999999995346,1,15_to_24,x_mean,1
mother_2d_couple_xy_xi_xj,0.9896774501356466,1.4699082457065658,5399.430977289383,0.0044310382170574,595.8783129363837,0.6309700314246636,0.9852464119185892,5995.309290225767,2.1008782771312293,0.9999999998871588,2,15_to_24,x_mean,1
mother_y_adj_xj_minus_xi_pow3,0.9918104526849864,1.166173405324246,5013.946537978665,0.0021330025493399,385.4844393107178,0.3037348403823197,0.9896774501356466,5399.430977289383,1.4699082457065658,0.9999999997655872,3,15_to_24,x_mean,1
mother_y_adj_xj_pow2,0.992914759328353,1.0089225843348968,4773.476373415188,0.0011043066433665,240.4701645634777,0.1572508209893492,0.9918104526849864,5013.946537978665,1.166173405324246,0.9999999995472252,4,15_to_24,x_mean,1
mother_z_adj_xj,0.9942736617959836,0.8154178816665429,4419.018877561515,0.0013589024676304,354.4574958536723,0.1935047026683538,0.992914759328353,4773.476373415188,1.0089225843348968,0.9999999996320544,5,15_to_24,x_mean,1
mother_z_adj_xi_xj,0.9947386511191614,0.7492044315707552,4279.249768685806,0.0004649893231778,139.7691088757092,0.0662134500957877,0.9942736617959836,4419.018877561515,0.8154178816665429,0.9999999989247028,6,15_to_24,x_mean,1
mother_x_adj_xj,0.9955640304240194,0.6316722460168771,3995.5963595942167,0.000825379304858,283.6534090915893,0.1175321855538781,0.9947386511191614,4279.249768685806,0.7492044315707552,0.999999999394216,7,15_to_24,x_mean,1
mother_2d_couple_xy_xj_minus_xi_pow2,0.9960844901973313,0.557559926638185,3788.680034216468,0.0005204597733117,206.9163253777488,0.0741123193786921,0.9955640304240194,3995.5963595942167,0.6316722460168771,0.9999999990393086,8,15_to_24,x_mean,1
mother_y_adj_xj,0.9962957394982936,0.5274784939045097,3697.836822630456,0.0002112493009625,90.84321158601232,0.0300814327336752,0.9960844901973313,3788.680034216468,0.557559926638185,0.9999999976331228,9,15_to_24,x_mean,1
mother_2d_couple_xz_xi2_xj,0.9963522073134194,0.519437602054987,3674.121834201816,5.646781512580468e-05,23.71498842863957,0.0080408918495227,0.9962957394982936,3697.836822630456,0.5274784939045097,0.9999999911453776,10,15_to_24,x_mean,1
mother_y_adj_xj_minus_xi_pow2,0.9964179802084928,0.5100716874231672,3645.662713893983,6.577289507336825e-05,28.459120307833015,0.0093659146318197,0.9963522073134194,3674.121834201816,0.519437602054987,0.9999999923980668,11,15_to_24,x_mean,1
mother_x_adj_xi2_xj,0.9965226756686736,0.4951632856978048,3598.005678177273,0.0001046954601808,47.6570357167102,0.0149084017253623,0.9964179802084928,3645.662713893983,0.5100716874231672,0.9999999952242332,12,15_to_24,x_mean,1
mother_z_z_z,0.996548711721062,0.4914558094836656,3587.424643762609,2.6036052388378472e-05,10.581034414663918,0.0037074762141391,0.9965226756686736,3598.005678177273,0.4951632856978048,0.9999999807958132,13,15_to_24,x_mean,1
mother_2d_couple_yz_xi2_xj,0.9965649230767292,0.4891473483299632,3581.54302298836,1.6211355666984062e-05,5.881620774249313,0.0023084611537023,0.996548711721062,3587.424643762609,0.4914558094836656,0.9999999691573388,14,15_to_24,x_mean,1
mother_3d_couple_prod_xyz,0.996582428737892,0.4866545809393547,3574.9902592275275,1.750566116287544e-05,6.552763760832022,0.0024927673906085,0.9965649230767292,3581.54302298836,0.4891473483299632,0.9999999714377366,15,15_to_24,x_mean,1
mother_2d_couple_xz_xi_xj2,0.9965921580253684,0.4852691519441645,3572.2178483267758,9.729287476334392e-06,2.77241090075222,0.0013854289951902,0.996582428737892,3574.9902592275275,0.4866545809393547,0.9999999486086002,16,15_to_24,x_mean,1
mother_y_adj_xj_pow3,0.996600838836895,0.4840330236027886,3569.9482200984594,8.680811526717847e-06,2.2696282283159235,0.0012361283413758,0.9965921580253684,3572.2178483267758,0.4852691519441645,0.9999999424014848,17,15_to_24,x_mean,1
mother_x_adj_xi_xj2,0.9966043345860066,0.4835352366691673,3570.225767152004,3.4957491116260897e-06,-0.2775470535443674,0.0004977869336212,0.996600838836895,3569.9482200984594,0.4840330236027886,0.4999998569691815,18,15_to_24,x_mean,1
mother_2d_couple_xz_xi_xj,0.9966074290572292,0.483094590818494,3570.699554771325,3.094471222597761e-06,-0.4737876193212287,0.0004406458506732,0.9966043345860066,3570.225767152004,0.4835352366691673,0.4999998384215582,19,15_to_24,x_mean,1
mother_2d_couple_xy_xi2_xj,0.996607939353786,0.4830219257186423,3572.44773964282,5.102965567882478e-07,-1.7481848714951411,7.266509985176528e-05,0.9966074290572292,3570.699554771325,0.483094590818494,0.4999990201795141,20,15_to_24,x_mean,1
mother_y_adj_xj_minus_xi_pow2,0.1455869659161058,1.7802527980212255,5718.094707890423,8.574904598838948,4017.5490187310425,17.86664914494879,-8.429317632922842,9735.643726621463,19.64690194297002,0.9999999999999416,1,15_to_24,x_half,2
mother_2d_couple_yz_xj_minus_xi_pow2,0.4126435443283577,1.2238143988128818,5092.708237171232,0.2670565784122518,625.3864707191906,0.5564383992083437,0.1455869659161058,5718.094707890423,1.7802527980212255,0.9999999999981268,2,15_to_24,x_half,2
mother_y_adj_xj_pow2,0.5406341543145066,0.9571334933739885,4683.264241946508,0.1279906099861488,409.443995224724,0.2666809054388933,0.4126435443283577,5092.708237171232,1.2238143988128818,0.9999999999960922,3,15_to_24,x_half,2
mother_2d_couple_xz_xi_xj,0.662297983602882,0.7036350519078671,4170.202826853392,0.1216638292883753,513.061415093116,0.2534984414661213,0.5406341543145066,4683.264241946508,0.9571334933739885,0.9999999999958892,4,15_to_24,x_half,2
mother_y_adj_xj,0.6925765026373936,0.6405468076034908,4014.951232364243,0.0302785190345116,155.25159448914928,0.0630882443043763,0.662297983602882,4170.202826853392,0.7036350519078671,0.9999999999834834,5,15_to_24,x_half,2
mother_x_x,0.7111749918942564,0.6017950432720882,3912.484809053223,0.0185984892568628,102.46642331101977,0.0387517643314025,0.6925765026373936,4014.951232364243,0.6405468076034908,0.9999999999731112,6,15_to_24,x_half,2
mother_x_adj_xj_pow2,0.7605779650562705,0.4988591355860083,3600.453850552065,0.0494029731620141,312.03095850115824,0.1029359076860798,0.7111749918942564,3912.484809053223,0.6017950432720882,0.9999999999898774,7,15_to_24,x_half,2
mother_2d_couple_xy_xi_xj,0.7964275110561823,0.4241631138398478,3330.9215442760087,0.0358495459999117,269.53230627605626,0.0746960217461605,0.7605779650562705,3600.453850552065,0.4988591355860083,0.9999999999860508,8,15_to_24,x_half,2
mother_z_adj_xj_pow2,0.8124978169455017,0.3906790658639261,3195.265738437543,0.0160703058893194,135.65580583846577,0.0334840479759216,0.7964275110561823,3330.9215442760087,0.4241631138398478,0.9999999999688832,9,15_to_24,x_half,2
mother_y_y,0.8190455632857927,0.3770361984473087,3137.763040853173,0.0065477463402909,57.5026975843698,0.0136428674166174,0.8124978169455017,3195.265738437543,0.3906790658639261,0.9999999999236292,10,15_to_24,x_half,2
mother_z_adj_xj_minus_xi,0.8214708918496993,0.3719827900958725,3117.174737846349,0.0024253285639066,20.58830300682393,0.0050534083514361,0.8190455632857927,3137.763040853173,0.3770361984473087,0.999999999793818,11,15_to_24,x_half,2
mother_x_adj_xj_minus_xi_pow2,0.8236290296316442,0.3674860997698149,3098.81538941373,0.0021581377819448,18.3593484326193,0.0044966903260575,0.8214708918496993,3117.174737846349,0.3719827900958725,0.9999999997682916,12,15_to_24,x_half,2
mother_x_adj_xj_minus_xi_pow3,0.8261506803166084,0.3622319948949365,3076.70875530012,0.0025216506849642,22.106634113609744,0.0052541048748784,0.8236290296316442,3098.81538941373,0.3674860997698149,0.9999999998016946,13,15_to_24,x_half,2
mother_2d_couple_xy_xi2_xj,0.8278740293725557,0.358641229238948,3062.0317829241244,0.0017233490559472,14.676972375995774,0.0035907656559884,0.8261506803166084,3076.70875530012,0.3622319948949365,0.9999999997098332,14,15_to_24,x_half,2
mother_y_y_y,0.8301176075796429,0.3539665154630411,3042.068555117495,0.0022435782070872,19.96322780662922,0.0046747137759069,0.8278740293725557,3062.0317829241244,0.358641229238948,0.9999999997771168,15,15_to_24,x_half,2
mother_2d_couple_xz_xi_xj2,0.8320167637344893,0.3500094385884244,3025.2491155698326,0.0018991561548463,16.81943954766257,0.0039570768746166,0.8301176075796429,3042.068555117495,0.3539665154630411,0.9999999997366956,16,15_to_24,x_half,2
mother_2d_couple_yz_xi2_xj,0.8324857623481444,0.3490322342845096,3022.5688765116747,0.0004689986136551,2.6802390581578948,0.0009772043039148,0.8320167637344893,3025.2491155698326,0.3500094385884244,0.9999999989337124,17,15_to_24,x_half,2
mother_z_adj_xi2_xj,0.8327683744884444,0.3484433843566017,3021.7422973820985,0.0002826121403,0.8265791295762028,0.0005888499279078,0.8324857623481444,3022.5688765116747,0.3490322342845096,0.999999998230186,18,15_to_24,x_half,2
mother_y_adj_xj_pow3,0.832850154248354,0.3482729882594066,3022.923476169901,8.177975990952824e-05,-1.1811787878023097,0.0001703960971951,0.8327683744884444,3021.7422973820985,0.3484433843566017,0.4999999938860178,19,15_to_24,x_half,2
mother_2d_couple_xy_xj_minus_xi_pow2,0.832850154248354,0.3482729882594066,3024.9234761699004,0.0,-1.9999999999995453,0.0,0.832850154248354,3022.923476169901,0.3482729882594066,0.0,20,15_to_24,x_half,2
mother_y_adj_xj_minus_xi,0.8652694401593711,2.2884176822312057,6138.444870777015,0.8676094805772688,3357.4094060211373,14.736470174049764,-0.0023400404178977,9495.854276798153,17.02488785628097,0.9999999999994236,1,15_to_24,y_mean,3
mother_x_adj_xj,0.8999228761968268,1.6998241525079834,5642.704734431205,0.0346534360374556,495.74013634581024,0.5885935297232223,0.8652694401593711,6138.444870777015,2.2884176822312057,0.9999999999855704,2,15_to_24,y_mean,3
mother_2d_couple_xz_xi_xj,0.9281889254481324,1.219721293958148,5089.100081779361,0.0282660492513054,553.6046526518439,0.4801028585498355,0.8999228761968268,5642.704734431205,1.6998241525079834,0.99999999998231,3,15_to_24,y_mean,3
mother_y,0.9446118277531792,0.9407759672788772,4656.40809544309,0.016422902305047,432.6919863362709,0.2789453266792707,0.9281889254481324,5089.100081779361,1.219721293958148,0.9999999999695536,4,15_to_24,y_mean,3
mother_2d_couple_yz_xj_minus_xi_pow2,0.9507808978620732,0.8359934358560407,4460.735026413722,0.006169070108894,195.673069029368,0.1047825314228364,0.9446118277531792,4656.40809544309,0.9407759672788772,0.999999999918948,5,15_to_24,y_mean,3
mother_2d_couple_yz_xi_xj2,0.952970646017026,0.7988002526364747,4386.55154856978,0.0021897481549527,74.18347784394246,0.0371931832195659,0.9507808978620732,4460.735026413722,0.8359934358560407,0.9999999997716564,6,15_to_24,y_mean,3
mother_2d_couple_xy_xi2_xj,0.9556148348679973,0.7538883296927968,4291.682751982811,0.0026441888509711,94.86879658696851,0.0449119229436778,0.952970646017026,4386.55154856978,0.7988002526364747,0.9999999998109008,7,15_to_24,y_mean,3
mother_y_adj_xi_xj,0.9578794475172058,0.7154235624122076,4206.016224208988,0.0022646126492085,85.66652777382296,0.0384647672805892,0.9556148348679973,4291.682751982811,0.7538883296927968,0.9999999997792058,8,15_to_24,y_mean,3
mother_y_y_y,0.9602834226041436,0.674591704346011,4109.640037084433,0.0024039750869377,96.37618712455514,0.0408318580661966,0.9578794475172058,4206.016224208988,0.7154235624122076,0.999999999792006,9,15_to_24,y_mean,3
mother_3d_couple_prod_xyz,0.9609796722061787,0.6627658060314137,4082.033787985631,0.0006962496020352,27.60624909880244,0.0118258983145973,0.9602834226041436,4109.640037084433,0.674591704346011,0.9999999992818488,10,15_to_24,y_mean,3
mother_z_adj_xi_xj2,0.9619231280860188,0.646741074000432,4043.061509059473,0.0009434558798397,38.97227892615729,0.0160247320309816,0.9609796722061787,4082.033787985631,0.6627658060314137,0.9999999994700206,11,15_to_24,y_mean,3
mother_z_adj_xi_xj,0.9626725901658963,0.6340113541968264,4011.78380099036,0.0007494620798776,31.277708069113487,0.0127297198036056,0.9619231280860188,4043.061509059473,0.646741074000432,0.9999999993328388,12,15_to_24,y_mean,3
mother_y_adj_xj_pow2,0.964934589089244,0.5955909814209698,3909.137533798168,0.0022619989233477,102.64626719219176,0.0384203727758566,0.9626725901658963,4011.78380099036,0.6340113541968264,0.9999999997789516,13,15_to_24,y_mean,3
mother_2d_couple_xy_xi_xj,0.9656852845001472,0.5828403133148445,3874.91064212586,0.000750695410903,34.22689167230783,0.0127506681061252,0.964934589089244,3909.137533798168,0.5955909814209698,0.9999999993339362,14,15_to_24,y_mean,3
mother_y_y,0.9666311237789326,0.5667750989144767,3830.121221190642,0.0009458392787854,44.78942093521846,0.0160652144003677,0.9656852845001472,3874.91064212586,0.5828403133148445,0.9999999994713578,15,15_to_24,y_mean,3
mother_2d_couple_xy_xi_xj2,0.9693301836413296,0.5209311840534652,3690.9283182419695,0.0026990598623971,139.19290294867142,0.0458439148610115,0.9666311237789326,3830.121221190642,0.5667750989144767,0.9999999998147469,16,15_to_24,y_mean,3
mother_x,0.9696140087011929,0.5161103751262286,3677.364636721808,0.0002838250598631,13.563681520162843,0.0048208089272365,0.9693301836413296,3690.9283182419695,0.5209311840534652,0.9999999982383146,17,15_to_24,y_mean,3
mother_y_adj_xi2_xj,0.9699777596754364,0.5099320131987477,3659.204255453103,0.0003637509742434,18.160381268704896,0.0061783619274808,0.9696140087011929,3677.364636721808,0.5161103751262286,0.9999999986254058,18,15_to_24,y_mean,3
mother_y_adj_xj_pow3,0.9699872547835632,0.5097707374394997,3660.674737173265,9.495108126866825e-06,-1.4704817201618423,0.0001612757592479,0.9699777596754364,3659.204255453103,0.5099320131987477,0.4999999473413108,19,15_to_24,y_mean,3
mother_y_adj_xj,0.9699872547835632,0.5097707374394997,3662.674737173265,0.0,-2.0,0.0,0.9699872547835632,3660.674737173265,0.5097707374394997,0.0,20,15_to_24,y_mean,3
mother_x_adj_xi_xj,0.443335686162595,0.8381134461365664,4456.974778540469,1.8887616447295612,2475.540444266602,2.8437183624765936,-1.4454259585669664,6932.515222807071,3.68183180861316,0.9999999999997352,1,15_to_24,y_half,4
mother_z_adj_xi_xj,0.5598638408219887,0.6626687286545586,4065.788574020108,0.1165281546593937,391.1862045203607,0.1754447174820077,0.443335686162595,4456.974778540469,0.8381134461365664,0.999999999995708,2,15_to_24,y_half,4
mother_2d_couple_xz_xi_xj,0.6425445417376097,0.5381847165653297,3719.4737532758345,0.0826807009156209,346.3148207442737,0.1244840120892288,0.5598638408219887,4065.788574020108,0.6626687286545586,0.9999999999939512,3,15_to_24,y_half,4
mother_2d_couple_xy_xi2_xj,0.6959563222081154,0.4577679729701929,3450.554607609183,0.0534117804705057,268.9191456666513,0.0804167435951367,0.6425445417376097,3719.4737532758345,0.5381847165653297,0.9999999999906368,4,15_to_24,y_half,4
mother_y_y,0.7282167968510792,0.4091966223286765,3264.787607395483,0.0322604746429637,185.76700021370016,0.0485713506415164,0.6959563222081154,3450.554607609183,0.4577679729701929,0.9999999999844984,5,15_to_24,y_half,4
mother_3d_couple_prod_xyz,0.7396573695144963,0.3919717032124979,3194.795348768412,0.0114405726634171,69.99225862707135,0.0172249191161785,0.7282167968510792,3264.787607395483,0.4091966223286765,0.9999999999562889,6,15_to_24,y_half,4
mother_2d_couple_yz_xi_xj,0.753716775776879,0.3708038698517243,3103.8609263517105,0.0140594062623826,90.93442241670118,0.0211678333607736,0.7396573695144963,3194.795348768412,0.3919717032124979,0.9999999999644312,7,15_to_24,y_half,4
mother_y_y_y,0.7571216613754095,0.3656774762034357,3082.556272101041,0.0034048855985304,21.3046542506695,0.0051263936482886,0.753716775776879,3103.8609263517105,0.3708038698517243,0.9999999998531288,8,15_to_24,y_half,4
mother_2d_couple_xy_xj_minus_xi_pow2,0.757973198011289,0.3643954031718652,3078.676879723488,0.0008515366358795,3.8793923775533594,0.0012820730315705,0.7571216613754095,3082.556272101041,0.3656774762034357,0.9999999994126972,9,15_to_24,y_half,4
mother_2d_couple_xy_xi_xj2,0.7594113718430018,0.3622300895415895,3070.6999499766357,0.0014381738317127,7.97692974685242,0.0021653136302757,0.757973198011289,3078.676879723488,0.3643954031718652,0.9999999996522742,10,15_to_24,y_half,4
mother_x_adj_xj_minus_xi,0.7616497595695157,0.3588599743669237,3057.052490216979,0.0022383877265139,13.647459759656158,0.0033701151746657,0.7594113718430018,3070.6999499766357,0.3622300895415895,0.9999999997765884,11,15_to_24,y_half,4
mother_y_adj_xi_xj2,0.7628457649247457,0.3570592694448505,3050.631466694116,0.0011960053552299,6.421023522863379,0.0018007049220731,0.7616497595695157,3057.052490216979,0.3588599743669237,0.9999999995818638,12,15_to_24,y_half,4
mother_2d_couple_yz_xi2_xj,0.7634820189925264,0.3561013257144717,3048.1343063630784,0.0006362540677807,2.497160331037321,0.0009579437303787,0.7628457649247457,3050.631466694116,0.3570592694448505,0.99999999921395,13,15_to_24,y_half,4
mother_y_adj_xi2_xj,0.7643071858781736,0.3548589549625187,3044.283822694209,0.0008251668856471,3.850483668869401,0.0012423707519529,0.7634820189925264,3048.1343063630784,0.3561013257144717,0.999999999393932,14,15_to_24,y_half,4
mother_y_adj_xj_pow2,0.7647100161695138,0.3542524539253749,3043.4202868068305,0.0004028302913402,0.8635358873784753,0.0006065010371438,0.7643071858781736,3044.283822694209,0.3548589549625187,0.9999999987582036,15,15_to_24,y_half,4
mother_y_adj_xj_pow3,0.7649962508684608,0.3538214991399234,3043.3825945663493,0.0002862346989469,0.0376922404811921,0.0004309547854515,0.7647100161695138,3043.4202868068305,0.3542524539253749,0.9999999982399164,16,15_to_24,y_half,4
mother_y_adj_xi_xj,0.7653374585610031,0.3533077770493629,3042.950306836653,0.0003412076925423,0.432287729696327,0.0005137220905604,0.7649962508684608,3043.3825945663493,0.3538214991399234,0.9999999985334602,17,15_to_24,y_half,4
mother_z_z,0.7654776277886616,0.353096738347016,3043.95009013209,0.0001401692276584,-0.9997832954368278,0.0002110387023469,0.7653374585610031,3042.950306836653,0.3533077770493629,0.4999999964328833,18,15_to_24,y_half,4
mother_z_adj_xj_minus_xi,0.7655663382152049,0.3529631759837561,3045.31676314602,8.871042654334804e-05,-1.3666730139302672,0.0001335623632598,0.7654776277886616,3043.95009013209,0.353096738347016,0.499999994363684,19,15_to_24,y_half,4
mother_2d_couple_yz_xi_xj2,0.7655667182843675,0.3529626037518604,3047.314049217103,3.8006916258659373e-07,-1.9972860710827265,5.722318957568362e-07,0.7655663382152049,3045.31676314602,0.3529631759837561,0.4999986844534267,20,15_to_24,y_half,4
mother_z,0.9637419185415383,1.905695704557112,5832.080323458078,1.0605169580946492,5705.447887284667,55.73992142872466,-0.0967750395531108,11537.528210742745,57.64561713328177,0.9999999999995284,1,15_to_24,z_mean,5
mother_2d_couple_xy_xi_xj,0.9698578609832004,1.5842466710844996,5524.8286884990575,0.006115942441662,307.2516349590205,0.3214490334726123,0.9637419185415383,5832.080323458078,1.905695704557112,0.9999999999182448,2,15_to_24,z_mean,5
mother_y,0.979960947561811,1.0532365370352332,4843.432972472778,0.0101030865786105,681.3957160262798,0.5310101340492663,0.9698578609832004,5524.8286884990575,1.5842466710844996,0.9999999999505094,3,15_to_24,z_mean,5
mother_z_adj_xj,0.9817852721528924,0.9573514985252738,4685.645483508989,0.0018243245910815,157.78748896378875,0.0958850385099594,0.979960947561811,4843.432972472778,1.0532365370352332,0.9999999997259228,4,15_to_24,z_mean,5
mother_y_y,0.9823160248594748,0.9294555616077392,4638.142593294211,0.0005307527065823,47.50289021477784,0.0278959369175345,0.9817852721528924,4685.645483508989,0.9573514985252738,0.9999999990579312,5,15_to_24,z_mean,5
mother_2d_couple_yz_xi2_xj,0.9831772037113056,0.8841926912964808,4556.569848039766,0.0008611788518307,81.57274525444518,0.0452628703112584,0.9823160248594748,4638.142593294211,0.9294555616077392,0.9999999994193944,6,15_to_24,z_mean,5
mother_2d_couple_xy_xj_minus_xi_pow2,0.984258041252416,0.8273847363091866,4447.407527531066,0.0010808375411103,109.16232050869984,0.0568079549872941,0.9831772037113056,4556.569848039766,0.8841926912964808,0.9999999995373912,7,15_to_24,z_mean,5
mother_2d_couple_xz_xi_xj,0.985024751737322,0.7870870476573976,4365.823105773104,0.000766710484906,81.58442175796245,0.040297688651789,0.984258041252416,4447.407527531066,0.8273847363091866,0.9999999993478572,8,15_to_24,z_mean,5
mother_z_z_z,0.9853131142774946,0.7719309436370637,4335.274260808921,0.0002883625401726,30.548844964182532,0.0151561040203338,0.985024751737322,4365.823105773104,0.7870870476573976,0.9999999982660552,9,15_to_24,z_mean,5
mother_z_adj_xj_minus_xi_pow2,0.9859055378126076,0.7407936373944003,4268.35065828694,0.0005924235351131,66.92360252198068,0.0311373062426634,0.9853131142774946,4335.274260808921,0.7719309436370637,0.9999999991560018,10,15_to_24,z_mean,5
mother_2d_couple_yz_xi_xj_pow2,0.9864367723447536,0.7128723761113718,4206.036104411428,0.0005312345321459,62.3145538755125,0.0279212612830285,0.9859055378126076,4268.35065828694,0.7407936373944003,0.999999999058788,11,15_to_24,z_mean,5
mother_2d_couple_xy_xi_xj2,0.9867511811826404,0.6963472995564467,4168.7743105262525,0.0003144088378868,37.26179388517539,0.016525076554925,0.9864367723447536,4206.036104411428,0.7128723761113718,0.9999999984097006,12,15_to_24,z_mean,5
mother_x_adj_xi_xj,0.9869131513468424,0.6878342775274253,4150.183112382267,0.0001619701642019,18.59119814398582,0.0085130220290213,0.9867511811826404,4168.7743105262525,0.6963472995564467,0.9999999969129848,13,15_to_24,z_mean,5
mother_2d_couple_xz_xi_xj2,0.9869632608769447,0.6852005607825717,4145.76106522781,5.010953010231578e-05,4.422047154456777,0.0026337167448535,0.9869131513468424,4150.183112382267,0.6878342775274253,0.9999999900217452,14,15_to_24,z_mean,5
mother_3d_couple_prod_xyz,0.987092885488332,0.6783875950880477,4131.033141290993,0.0001296246113873,14.727923936817206,0.006812965694524,0.9869632608769447,4145.76106522781,0.6852005607825717,0.999999996142674,15,15_to_24,z_mean,5
mother_x_adj_xj_minus_xi_pow2,0.987135977239249,0.6761227271931954,4127.434967062174,4.309175091687933e-05,3.598174228818607,0.0022648678948522,0.987092885488332,4131.033141290993,0.6783875950880477,0.9999999883967124,16,15_to_24,z_mean,5
mother_y_adj_xj,0.9871624020065212,0.6747338626019338,4125.992765776639,2.642476727232612e-05,1.442201285534793,0.0013888645912616,0.987135977239249,4127.434967062174,0.6761227271931954,0.9999999810780116,17,15_to_24,z_mean,5
mother_2d_couple_yz_xj_minus_xi_pow2,0.987170885350063,0.6742879848638574,4126.886187166187,8.483343541754174e-06,-0.8934213895472567,0.0004458777380763,0.9871624020065212,4125.992765776639,0.6747338626019338,0.4999999410609816,18,15_to_24,z_mean,5
mother_y_adj_xi_xj_pow2,0.9871831290601956,0.6736444652712894,4127.287810512084,1.2243710132531229e-05,-0.4016233458969509,0.000643519592568,0.987170885350063,4126.886187166187,0.6742879848638574,0.4999999591627085,19,15_to_24,z_mean,5
mother_z_adj_xj_pow2,0.9871866465646404,0.6734595880565662,4128.828329362686,3.5175044448276797e-06,-1.5405188506028935,0.0001848772147231,0.9871831290601956,4127.287810512084,0.6736444652712894,0.4999998578538092,20,15_to_24,z_mean,5
mother_x_adj_xj_pow2,0.1370162502876029,0.8253790195202536,4431.344549333394,2.5435973547391626,2296.516832642107,2.4327594713209715,-2.4065811044515595,6727.861381975501,3.258138490841225,0.9999999999998032,1,15_to_24,z_half,6
mother_2d_couple_xz_xj_minus_xi_pow2,0.3184084391929024,0.6518910400801027,4038.33869251693,0.1813921889052995,393.0058568164632,0.1734879794401509,0.1370162502876029,4431.344549333394,0.8253790195202536,0.9999999999972422,2,15_to_24,z_half,6
mother_2d_couple_xz_xi_xj2,0.5588289369374689,0.4219469249480225,3312.152215184325,0.2404204977445665,726.1864773326051,0.2299441151320801,0.3184084391929024,4038.33869251693,0.6518910400801027,0.9999999999979196,3,15_to_24,z_half,6
mother_x_x_x,0.5898842574210708,0.3922448477302476,3191.961465297458,0.0310553204836018,120.1907498868677,0.0297020772177749,0.5588289369374689,3312.152215184325,0.4219469249480225,0.9999999999838955,4,15_to_24,z_half,6
mother_2d_couple_xy_xj_minus_xi_pow2,0.609025761016807,0.3739374398847842,3113.9480385418237,0.0191415035957362,78.01342675563455,0.0183074078454634,0.5898842574210708,3191.961465297458,0.3922448477302476,0.9999999999738725,5,15_to_24,z_half,6
mother_y_adj_xj_pow2,0.6306369946135766,0.3532679211335105,3020.761455724509,0.0216112335967695,93.18658281731403,0.0206695187512736,0.609025761016807,3113.9480385418237,0.3739374398847842,0.9999999999768584,6,15_to_24,z_half,6
mother_z_adj_xi2_xj,0.6371667337657357,0.3470227169788225,2992.9031416164958,0.0065297391521591,27.85831410801393,0.0062452041546879,0.6306369946135766,3020.761455724509,0.3532679211335105,0.9999999999234092,7,15_to_24,z_half,6
mother_y_adj_xi_xj_pow3,0.6405463929364708,0.343790327291782,2979.2373696069985,0.003379659170735,13.665772009496775,0.0032323896870404,0.6371667337657357,2992.9031416164958,0.3470227169788225,0.9999999998520196,8,15_to_24,z_half,6
mother_y_adj_xi2_xj,0.6421543999167352,0.3422523896131239,2973.731971114059,0.0016080069802644,5.505398492939548,0.0015379376786581,0.6405463929364708,2979.2373696069985,0.343790327291782,0.9999999996889652,9,15_to_24,z_half,6
mother_z_adj_xi_xj,0.6435178388187702,0.3409483628982379,2969.3416287040923,0.001363438902035,4.390342409966706,0.0013040267148859,0.6421543999167352,2973.731971114059,0.3422523896131239,0.9999999996331664,10,15_to_24,z_half,6
mother_y_adj_xj_pow3,0.6446319347357237,0.33988281398623,2966.1017677939367,0.0011140959169534,3.239860910155585,0.0010655489120078,0.6435178388187702,2969.3416287040923,0.3409483628982379,0.9999999995510512,11,15_to_24,z_half,6
mother_y_adj_xj,0.6457861930498984,0.3387788527633864,2962.6556587602586,0.0011542583141747,3.4461090336781126,0.0011039612228436,0.6446319347357237,2966.1017677939367,0.33988281398623,0.9999999995666764,12,15_to_24,z_half,6
mother_y,0.6462090516460776,0.3383744203350511,2962.6560524896254,0.0004228585961791,-0.0003937293668059,0.0004044324283353,0.6457861930498984,2962.6556587602586,0.3387788527633864,0.4999999988175716,13,15_to_24,z_half,6
mother_3d_couple_prod_xyz,0.6473627561747082,0.3372709887664096,2959.1882551413382,0.0011537045286306,3.4677973482871494,0.0011034315686414,0.6462090516460776,2962.6560524896254,0.3383744203350511,0.9999999995664692,14,15_to_24,z_half,6
mother_2d_couple_yz_xi2_xj,0.648837628413607,0.335860384449856,2954.17222476009,0.0014748722388988,5.016030381248129,0.0014106043165535,0.6473627561747082,2959.1882551413382,0.3372709887664096,0.999999999660888,15,15_to_24,z_half,6
mother_2d_couple_xy_xi_xj2,0.6499587212412345,0.3347881435192861,2950.8193975418963,0.0011210928276275,3.352827218193852,0.0010722409305699,0.648837628413607,2954.17222476009,0.335860384449856,0.9999999995538574,16,15_to_24,z_half,6
mother_z_adj_xj,0.6505347684814372,0.3342371976799532,2950.0623015494625,0.0005760472402026,0.757095992433733,0.0005509458393328,0.6499587212412345,2950.8193975418963,0.3347881435192861,0.9999999991313552,17,15_to_24,z_half,6
mother_x_x,0.6512354038857082,0.3335670926365952,2948.702765723331,0.000700635404271,1.3595358261313777,0.000670105043358,0.6505347684814372,2950.0623015494625,0.3342371976799532,0.9999999992859944,18,15_to_24,z_half,6
mother_2d_couple_yz_xi_xj,0.6516610406641319,0.3331600030859933,2948.65854704146,0.0004256367784236,0.044218681870916,0.0004070895506018,0.6512354038857082,2948.702765723331,0.3335670926365952,0.999999998813982,19,15_to_24,z_half,6
mother_x_adj_xj_minus_xi_pow2,0.6517083029236922,0.3331148002910749,2950.431405092144,4.726225956031005e-05,-1.7728580506836806,4.520279491848633e-05,0.6516610406641319,2948.65854704146,0.3331600030859933,0.4999999894207345,20,15_to_24,z_half,6
